no	1
aspirin	2
sleeping	3
pills	4
and	5
ibuprofen	6
smh	7
i	8
need	9
some	10
headache	11
did	12
tylenol	13
then	14
later	15
gonna	16
be	17
a	18
lovely	19
night	20
bout	21
to	22
pop	23
mean	24
ass	25
quinsjim	26
same	27
here	28
cocktail	29
of	30
tramadol	31
sr	32
mr	33
paracetamol	34
sigh	35
hot	36
water	37
bottle	38
is	39
me	40
tonight	41
it	42
looks	43
like	44
an	45
but	46
dont	47
wanna	48
risk	49
lol	50
safe	51
take	52
2	53
at	54
once	55
otc	56
generics	57
65905	58
115	59
23	60
advil	61
1000	62
1	63
bt	64
tackles	65
pain	66
brings	67
down	68
http	69
t	70
co	71
s34xhqr3	72
migrane	73
time	74
od	75
on	76
where	77
are	78
you	79
lmaoo	80
feeling	81
m	82
about	83
food	84
massage	85
oomf	86
would	87
this	88
allergy	89
medicine	90
already	91
took	92
amp	93
aint	94
with	95
that	96
mixing	97
stuff	98
beyonce	99
pregnant	100
pic	101
can	102
when	103
rihanna	104
pictures	105
how	106
kl9x7qoc	107
8	108
weeks	109
4	110
days	111
the	112
massive	113
moving	114
sale	115
has	116
concluded	117
we	118
have	119
more	120
money	121
less	122
date	123
my	124
foot	125
magically	126
longer	127
hurts	128
ice	129
bloody	130
mary	131
or	132
combo	133
three	134
helping	135
ha	136
got	137
muscle	138
relaxers	139
so	140
think	141
manage	142
through	143
jcaek	144
quot	145
don	146
just	147
cuz	148
sleep	149
advice	150
fever	151
kanye	152
cheek	153
dizzy	154
shouldn	155
use	156
anymore	157
whoa	158
pops	159
two	160
wish	161
sore	162
throat	163
bugger	164
off	165
grr	166
get	167
plus	168
sick	169
taking	170
going	171
rattling	172
soon	173
hope	174
those	175
work	176
thought	177
said	178
poooped	179
was	180
big	181
deal	182
jojo	183
rt	184
josette	185
col	186
cont	187
ig7dv4la	188
heyimcanada	189
jesus	190
joseph	191
babe	192
keep	193
elevated	194
swelling	195
nickratajczak01	196
do	197
anything	198
body	199
literally	200
immune	201
chicken	202
n	203
dumpling	204
soup	205
pjs	206
sounds	207
plan	208
boutta	209
idk	210
why	211
feel	212
soo	213
blehh	214
ugh	215
wonder	216
if	217
s	218
bc	219
smfh	220
x	221
kays2luvs	222
800	223
they	224
aren	225
any	226
help	227
will	228
see	229
in	230
morning	231
tea	232
somethings	233
gotta	234
give	235
please	236
ouchhhh	237
put	238
sniper	239
rifle	240
weber	241
sabres	242
3	243
cramps	244
their	245
own	246
richter	247
scale	248
make	249
dispensing	250
emergency	251
supplies	252
eg	253
mg	254
efficient	255
tmitweet	256
thtcockychick	257
yannirobel	258
grrl	259
geek	260
side	261
knee	262
now	263
had	264
calf	265
first	266
ve	267
ran	268
out	269
really	270
bad	271
ear	272
ache	273
these	274
200mg	275
didn	276
sh	277
for	278
girls	279
set	280
statuses	281
period	282
pains	283
one	284
gives	285
flying	286
fuck	287
manup	288
fucking	289
akapinto	290
someone	291
decide	292
steal	293
rest	294
600	295
u	296
want	297
melanierigg	298
honest	299
alcohol	300
chewing	301
best	302
teething	303
gels	304
heal	305
skin	306
cut	307
again	308
mrs	309
jordan	310
kirsteh	311
louise	312
ohhh	313
doesn	314
sound	315
good	316
mix	317
try	318
well	319
macwife	320
ah	321
greater	322
needed	323
painkillers	324
not	325
worse	326
heydon	327
must	328
titanium	329
spine	330
backache	331
watching	332
pass	333
darts	334
gsod	335
head	336
started	337
hurting	338
nowhere	339
o	340
should	341
kick	342
all	343
day	344
hasn	345
helped	346
maybe	347
glass	348
red	349
amymarierem	350
bit	351
warmer	352
were	353
d	354
few	355
hours	356
your	357
nails	358
mine	359
basketball	360
game	361
back	362
takes	363
bangin	364
poprock	365
nope	366
trip	367
e	368
dressed	369
codamol	370
industrial	371
strength	372
happy	373
report	374
drugs	375
working	376
hopefully	377
go	378
away	379
abby	380
queenofall	381
wilf	382
ate	383
pack	384
he	385
5	386
months	387
old	388
as	389
dad	390
dying	391
from	392
cancer	393
rushed	394
him	395
vet	396
hideous	397
am	398
still	399
getting	400
meganozzie	401
come	402
up	403
bring	404
tiemewithabow	405
even	406
right	407
what	408
curse	409
there	410
better	411
awesome	412
waiting	413
around	414
corner	415
after	416
passes	417
mandafurn	418
redwitches3903n	419
trick	420
before	421
bed	422
always	423
works	424
grocery	425
cart	426
look	427
mad	428
crazy	429
white	430
cheese	431
sandwich	432
meat	433
cabbage	434
nutella	435
hummus	436
potato	437
bread	438
oatmeal	439
bigwitt31	440
thingssmallerthanmisst	441
temper	442
comes	443
softballproblem	444
6	445
softballproblems	446
taken	447
last	448
she	449
coop	450
hate	451
being	452
icky	453
bleurgh	454
re	455
accidentally	456
extra	457
400g	458
scared	459
major	460
life	461
having	462
such	463
glamorous	464
nights	465
twitter	466
abi	467
man	468
news	469
express	470
infact	471
paracetemol	472
tell	473
otherwise	474
cunt	475
daddy	476
jack	477
vodka	478
stand	479
clear	480
sign	481
into	482
anal	483
sex	484
thank	485
meh	486
hourtsssssss	487
davie	488
told	489
rebel	490
unknown	491
f	492
yep	493
boohoo	494
arfivedefour	495
brother	496
rather	497
girlfriend	498
lt	499
blink	500
gt	501
foreveralone	502
jrod	503
ud	504
drink	505
lot	506
liquids	507
milk	508
ll	509
uncle	510
dave	511
post	512
ride	513
noms	514
consumed	515
shower	516
rde	517
beer	518
happydays	519
does	520
hurt	521
100	522
worth	523
win	524
plymaspie	525
ta	526
touching	527
today	528
porridgebrain	529
sympathy	530
ya	531
love	532
know	533
feels	534
helenaeldoueihy	535
guys	536
anyone	537
gets	538
qitdsff9	539
dating	540
definitely	541
type	542
mornings	543
oh	544
wait	545
afternoon	546
hahaha	547
winning	548
worst	549
part	550
done	551
nail	552
beds	553
afterwards	554
breda	555
lewinsky	556
girl	557
crossfitcarmel	558
loved	559
quads	560
wrecked	561
round	562
idea	563
vitamins	564
empty	565
stomach	566
imstupid	567
elliesims94	568
ummmm	569
noooooo	570
neverrr	571
though	572
eat	573
finee	574
nom	575
tomwsan88	576
mate	577
might	578
finishing	579
wine	580
devonstiles	581
alternate	582
heat	583
unless	584
too	585
killa	586
k16	587
awee	588
sorry	589
aw	590
shit	591
ankle	592
nap	593
ahh	594
nahh	595
gettin	596
headach	597
justsal	598
hello	599
thanks	600
sinuses	601
headaches	602
knock	603
andie	604
king	605
ms	606
solana	607
lil	608
k	609
im	610
call	611
msbeautiful1004	612
kyrabanksqb	613
nothing	614
sitting	615
house	616
popped	617
truly	618
bestest	619
friend	620
forever	621
nuthin	622
hurtin	623
4real	624
sym1didit	625
went	626
er	627
bcuz	628
24	629
hr	630
migraine	631
sinusitis	632
amoxocillin	633
great	634
painfree	635
stole	636
sunni	637
prescription	638
them	639
high	640
bitches	641
arm	642
baseballproblems	643
datachick	644
pt	645
stay	646
yesterday	647
gauge	648
painful	649
boy	650
run	651
treating	652
rsi	653
probably	654
medical	655
option	656
chrisgarmon	657
dog	658
whole	659
appreciated	660
freekoutfitch	661
hand	662
aches	663
tried	664
gel	665
external	666
found	667
quite	668
12	669
shift	670
together	671
ues	672
peas	673
rice	674
candy	675
choice	676
allowed	677
2x400mg	678
tablets	679
without	680
allergic	681
rxn	682
couple	683
ago	684
discovered	685
believe	686
developed	687
yay	688
imsick	689
nct	690
galactictoast44	691
swear	692
friends	693
morganthecreepy	694
screw	695
diamonds	696
isn	697
cuttin	698
extreme	699
somethin	700
shiiiit	701
9pm	702
hangover	703
damn	704
way	705
faster	706
than	707
over	708
counter	709
eleanorsmells	710
finally	711
little	712
break	713
killer	714
multi	715
ughh	716
coming	717
sinus	718
infection	719
god	720
played	721
half	722
football	723
surprisingly	724
pay	725
sure	726
livvysmiles	727
dottydowdy	728
managed	729
swallow	730
yellow	731
capsule	732
druggieskills	733
22firefliesl8r	734
caramel	735
mocciato	736
been	737
bobbiemarshall	738
ward	739
room	740
tht	741
horrible	742
worry	743
only	744
lay	745
die	746
till	747
kicks	748
consider	749
fucktoday	750
prfekrdumbrella	751
baking	752
soda	753
onion	754
momma	755
cos	756
controversial	757
perfecting	758
new	759
cure	760
transporter	761
cable	762
couch	763
add	764
cupcake	765
measure	766
learice	767
pint	768
something	769
sensible	770
fine	771
early	772
xx	773
nadinebphoto	774
suck	775
broken	776
although	777
bruise	778
pretty	779
reduce	780
browe	781
7	782
kk	783
name	784
soundz	785
funny	786
tho	787
psalmson01	788
its	789
fetchy	790
07	791
tnx	792
offerin	793
wah	794
pele	795
workd	796
thruout	797
2day	798
cousi	799
cousinz	800
wat	801
cjmatthews	802
very	803
jarred	804
reckon	805
could	806
talking	807
stupidsport	808
sweetirishf	809
son	810
similar	811
called	812
febrile	813
fit	814
ever	815
happened	816
wit	817
ka	818
morgfair	819
actually	820
acupuncturist	821
taught	822
also	823
hoping	824
kakapojayne	825
movement	826
tip	827
interesting	828
barely	829
move	830
ain	831
cutting	832
workaholic	833
weekend	834
caffeine	835
stat	836
criminally	837
cheap	838
mel	839
beeee	840
okay	841
emmienicolaou	842
treat	843
dnt	844
laird85	845
aching	846
cream	847
snuggles	848
babies	849
shot	850
pieces	851
shovelling	852
doing	853
other	854
needs	855
blame	856
anna	857
sokolow	858
creaking	859
breaking	860
performances	861
assistance	862
antitheistangie	863
frustrate	864
suppose	865
drank	866
myth	867
bull	868
hint	869
future	870
self	871
consuming	872
much	873
learned	874
never	875
arrested	876
jailed	877
goodness	878
cjwcjam	879
marleneb4	880
ty	881
doctors	882
suite	883
seats	884
sit	885
able	886
walk	887
stonerdreamss	888
hey	889
yu	890
guess	891
trackgirlprobz	892
cures	893
dr	894
order	895
natashas428	896
patches	897
relaxant	898
ablativmeatshld	899
purse	900
consists	901
wallet	902
apple	903
lighters	904
tampons	905
vicks	906
vapor	907
rub	908
cigarettes	909
cell	910
phone	911
charger	912
sisteract2	913
tha	914
stop	915
freddieg76	916
bro	917
antibiotics	918
easing	919
aprildgregory	920
generic	921
killing	922
itsmurdaaa	923
miss	924
abm	925
lalafromchi708	926
aww	927
srry	928
mama	929
chyna	930
ashlee	931
lmao	932
her	933
talk	934
sing	935
smile	936
cruel	937
joke	938
lid	939
stuck	940
crooked	941
open	942
ouch	943
sarahcaseupton	944
left	945
threatening	946
strike	947
accede	948
demands	949
middleagewerollhard	950
prettysexybossy	951
miself	952
blunt	953
wont	954
fix	955
tryinn	956
cant	957
hurry	958
lord	959
may	960
tomorrow	961
world	962
spend	963
whinytweet	964
reillycollins15	965
hopewellcj	966
shares	967
companies	968
past	969
gain	970
dear	971
marudut	972
rite	973
awayyyyyyyyyyy	974
kinda	975
meeeeeeee	976
seriouslyyyyy	977
cudnt	978
helppp	979
iadorenickj1	980
awh	981
helps	982
toothaches	983
eating	984
breakfast	985
sailor	986
fish	987
next	988
rinse	989
mouth	990
heartdropdead	991
plz	992
redfettish	993
chadlcarroll	994
people	995
preference	996
knackered	997
washed	998
cuppa	999
bedtime	1000
enjoy	1001
saturday	1002
folks	1003
junkinmytrunk	1004
urgh	1005
solpadol	1006
400mg	1007
by	1008
3pm	1009
sucksss	1010
claireerrr	1011
says	1012
painkiller	1013
anti	1014
inflammatory	1015
medic	1016
btw	1017
dark	1018
warm	1019
blanket	1020
dandy	1021
top	1022
present	1023
awake	1024
until	1025
came	1026
walking	1027
treadmill	1028
normalcy	1029
matt	1030
bellingham	1031
either	1032
cold	1033
face	1034
monday	1035
aneverydayjen	1036
mamma	1037
glad	1038
hear	1039
ur	1040
kidlet	1041
unhurt	1042
genemarty	1043
samanthajl25	1044
sweet	1045
baby	1046
rapliketheory	1047
vicodin	1048
ubuibme101	1049
yeah	1050
alot	1051
ect	1052
fun	1053
ones	1054
taylor	1055
martinez	1056
making	1057
toast	1058
swallowed	1059
trying	1060
shake	1061
dude	1062
eanoen	1063
neurofen	1064
effects	1065
catwoman69	1066
feed	1067
gently	1068
towards	1069
nipple	1070
while	1071
feeds	1072
sorts	1073
dogs	1074
seriously	1075
muts	1076
goes	1077
fund	1078
olivia	1079
rain	1080
however	1081
spell	1082
who	1083
lovelee	1084
turns	1085
toe	1086
whilst	1087
dazed	1088
loads	1089
wehay	1090
awful	1091
daddylolo	1092
kept	1093
stretch	1094
stephhigham91	1095
plenty	1096
fluids	1097
alongside	1098
say	1099
sheprettyfanci	1100
iamjaywilliams	1101
else	1102
peekaboo20	1103
silly	1104
blakesheltonsnl	1105
dry	1106
cheesrburget	1107
perhaps	1108
despite	1109
constant	1110
stream	1111
drinking	1112
non	1113
since	1114
rhcp	1115
ways	1116
buttload	1117
short	1118
ramen	1119
deck	1120
lmfaooooo	1121
jbachelor12	1122
ge	1123
home	1124
heating	1125
pad	1126
gatorade	1127
myself	1128
pinkcelepretty	1129
800g	1130
far	1131
sulks	1132
root	1133
canal	1134
excruitiating	1135
throbs	1136
cause	1137
fml	1138
rtrt	1139
lovelybriii	1140
bestfriend	1141
whats	1142
difference	1143
between	1144
itsokienaked	1145
lmfao	1146
prescribed	1147
horse	1148
stops	1149
successfully	1150
toothache	1151
bay	1152
gin	1153
il	1154
sorted	1155
albatwanda	1156
lessened	1157
start	1158
viral	1159
preferably	1160
scrambled	1161
eggs	1162
notpossible	1163
provided	1164
bwilson10233	1165
magic	1166
neough	1167
mountain	1168
dew	1169
let	1170
healing	1171
process	1172
begin	1173
tibiloo	1174
apart	1175
week	1176
justmerichie	1177
workkkkk	1178
tooomuch	1179
fidge	1180
stickz	1181
realistic	1182
dreams	1183
stupid	1184
amounts	1185
mollysbaker	1186
importantly	1187
bouncy	1188
induced	1189
quantumtree	1190
leontia2001	1191
zactly	1192
kahlua	1193
because	1194
free	1195
christyl17	1196
stopping	1197
difficult	1198
xc	1199
placed	1200
20th	1201
stragglers	1202
team	1203
4th	1204
overall	1205
britt	1206
woodward	1207
mdrson	1208
dang	1209
snaps	1210
fingers	1211
waffles	1212
nd	1213
contractions	1214
serious	1215
internal	1216
bleeds	1217
system	1218
word	1219
scoliosis	1220
um	1221
gabe	1222
bab3	1223
mattandersen1	1224
likes	1225
onset	1226
turdy	1227
schmilly	1228
luvmesumesha	1229
mannn	1230
spasms	1231
college	1232
yuuupp	1233
relax	1234
dire	1235
most	1236
sheets	1237
pillows	1238
etc	1239
gold	1240
star	1241
awarded	1242
person	1243
filled	1244
sisters	1245
packet	1246
pink	1247
smarties	1248
awwwww	1249
spasm	1250
sum	1251
wheres	1252
won	1253
success	1254
mile	1255
kidderminster	1256
cleobury	1257
cycle	1258
1h	1259
10m	1260
feet	1261
touch	1262
floor	1263
bath	1264
numba1dunna	1265
mflightmed	1266
steroidal	1267
smaller	1268
sir	1269
jfcolomer	1270
settled	1271
followed	1272
pub	1273
lunch	1274
dosing	1275
fuckbeingagirl	1276
songs	1277
album	1278
allnewmusic	1279
ak	1280
eye	1281
closed	1282
cap	1283
peeled	1284
kayla112234	1285
amazing	1286
wanting	1287
rip	1288
picking	1289
daisies	1290
haha	1291
maximum	1292
amount	1293
asktwitter	1294
southrngirlswag	1295
gigantic	1296
investment	1297
welcome	1298
hungover	1299
causing	1300
chest	1301
5420jowv	1302
takin	1303
siesmith87	1304
least	1305
daily	1306
portion	1307
means	1308
welp	1309
brettacarver	1310
makes	1311
grab	1312
ttt	1313
ibeysoserious	1314
anthony	1315
gigi	1316
thx	1317
lindygrieve	1318
usually	1319
asprin	1320
toss	1321
slammin	1322
hmm	1323
besides	1324
dachosen1	1325
dg	1326
b4	1327
eatingsoho	1328
full	1329
fat	1330
irn	1331
bru	1332
strong	1333
flavoured	1334
crisps	1335
bruh	1336
fukk	1337
woke	1338
brushed	1339
teeth	1340
looked	1341
opted	1342
instead	1343
yes	1344
sunglasses	1345
real	1346
owm	1347
sunglasess	1348
jimmydonemelons	1349
amateur	1350
mma	1351
line	1352
caseyrain	1353
ol	1354
asian	1355
solution	1356
illnesses	1357
excluding	1358
death	1359
ribena	1360
nosespray	1361
thingy	1362
which	1363
nohomeopathyplease	1364
1000mg	1365
kicked	1366
relaxed	1367
rolando	1368
situation	1369
differently	1370
w	1371
wasn	1372
dorm	1373
twisted	1374
nayyyyyyyy	1375
1117	1376
nicday	1377
mee	1378
prefer	1379
sp	1380
drjavafox	1381
find	1382
paramol	1383
effective	1384
alone	1385
c	1386
mon	1387
coffee	1388
token	1389
lisalikeaboss	1390
neem	1391
intrstng	1392
fact	1393
pharm	1394
lecture	1395
utilized	1396
covalently	1397
bonds	1398
proteins	1399
quick	1400
geminigirl	1401
toya	1402
exoticerika	1403
retainer	1404
braces	1405
missrichards11	1406
jus	1407
living	1408
kalak	1409
tempt	1410
fate	1411
egregiously	1412
sort	1413
whiskey	1414
another	1415
dee	1416
tard	1417
study	1418
exam	1419
sammikkemp17	1420
iced	1421
kind	1422
roughnight	1423
neck	1424
10	1425
finding	1426
ginalyons	1427
laptop	1428
send	1429
via	1430
cough	1431
syrup	1432
honey	1433
lemon	1434
leading	1435
bible	1436
lead	1437
eng	1438
group	1439
recover	1440
archylee	1441
imma	1442
attempting	1443
miles	1444
conner	1445
carson	1446
soar	1447
bouta	1448
overdose	1449
prisoncitykid	1450
carol	1451
wats23	1452
legs	1453
fuckin	1454
fed	1455
watered	1456
fluffy	1457
homemade	1458
pancakes	1459
giant	1460
mugs	1461
town	1462
buy	1463
ended	1464
spending	1465
50	1466
whoops	1467
snort	1468
headachetime	1469
dd	1470
bone	1471
q	1472
mzsril3d	1473
sexualcarrot	1474
us	1475
thats	1476
dontdotablets	1477
attacked	1478
box	1479
rennie	1480
clearly	1481
jealous	1482
vicodins	1483
thinking	1484
overdosing	1485
dlamb20	1486
damp	1487
rag	1488
obvious	1489
chocolate	1490
thru	1491
whocuppedmycake	1492
robot	1493
overrated	1494
insert	1495
directly	1496
ow	1497
belinda	1498
long	1499
live	1500
physical	1501
labor	1502
ahead	1503
excited	1504
hard	1505
pays	1506
anneangang	1507
doctor	1508
xd	1509
brain	1510
boys	1511
motion	1512
asking	1513
joint	1514
gods	1515
volleyball	1516
bribing	1517
43yroldknees	1518
memoirsofgaysha	1519
job	1520
lauralizmorris	1521
ca√±a	1522
spanishrecipe	1523
beat	1524
russh	1525
aye	1526
b	1527
systematic	1528
review	1529
studies	1530
comparing	1531
combined	1532
treatment	1533
drug	1534
ebho313j	1535
mammabriggs	1536
temp	1537
calpol	1538
crying	1539
check	1540
gone	1541
fail	1542
thing	1543
doctorchristian	1544
double	1545
scarf	1546
akin	1547
surgery	1548
cocodamol	1549
meds	1550
wimp	1551
tarafitness	1552
swollen	1553
numb	1554
yall	1555
lemsip	1556
adcjournal	1557
bmj	1558
editor	1559
5q2mq679	1560
finger	1561
choose	1562
destiny	1563
200	1564
400	1565
mortalkombat	1566
weather	1567
ir95djmm	1568
itdontknowme	1569
imathug	1570
ishottupac	1571
musles	1572
boiling	1573
ima	1574
watch	1575
nemo	1576
pringles	1577
lazy	1578
given	1579
wtffff	1580
fab	1581
camp	1582
lady	1583
3200	1584
increased	1585
dosage	1586
themarkaddy	1587
wonderful	1588
annieb25	1589
coedine	1590
grand	1591
hallucinate	1592
nurofen	1593
lets	1594
session	1595
hopes	1596
kiwiseabreeze	1597
mixes	1598
amused	1599
brands	1600
suit	1601
rachelcoup01	1602
ok	1603
haven	1604
joeyessex	1605
wisdom	1606
tooth	1607
babesunitedbypain	1608
helium	1609
ljhuksbe	1610
mjwood00	1611
genocide	1612
kosovo	1613
whether	1614
anally	1615
orally	1616
eve	1617
cheat	1618
adam	1619
awhile	1620
oops	1621
mum	1622
sleepwalked	1623
remember	1624
asleep	1625
jaydennn	1626
antihistamine	1627
panadol	1628
safely	1629
level	1630
keeps	1631
fluctuating	1632
9	1633
ten	1634
stronger	1635
andurilinhand	1636
yup	1637
gave	1638
loose	1639
adult	1640
sister	1641
heads	1642
pounding	1643
knows	1644
l	1645
jules	1646
john	1647
40	1648
minutes	1649
freakin	1650
popping	1651
sooon	1652
susannefraser	1653
lasted	1654
20	1655
mins	1656
faded	1657
rokmega	1658
chetmega	1659
form	1660
relief	1661
pick	1662
jeffriesmega	1663
overdone	1664
abs	1665
waking	1666
turning	1667
joedonnachie	1668
nada	1669
debating	1670
pressure	1671
dizziness	1672
cainsman	1673
ropey	1674
earlier	1675
asked	1676
id	1677
buying	1678
tsk	1679
wimpy	1680
tranquiliser	1681
ironmitten	1682
lots	1683
ab	1684
clinic	1685
kill	1686
prevent	1687
mwahahahaha	1688
cleaning	1689
knees	1690
regular	1691
suhmhoca	1692
dental	1693
nurse	1694
hun	1695
swill	1696
salt	1697
louisebarbe	1698
based	1699
products	1700
nooo	1701
jojomaggotmummy	1702
generally	1703
jaw	1704
killin	1705
gayfpbm3	1706
tweet	1707
whoever	1708
invented	1709
considering	1710
bar	1711
xxx	1712
mrsmblann	1713
00moore	1714
michaelblann	1715
sincs3s	1716
yblecol	1717
symmetrical	1718
16	1719
inspiration	1720
twilight1781	1721
polyhymnia	1722
unbranded	1723
cheaper	1724
assailed	1725
tammytaylor85	1726
anadin	1727
green	1728
em	1729
wonders	1730
goodnight	1731
eyes	1732
test	1733
prize	1734
muscles	1735
performance	1736
nice	1737
social	1738
dance	1739
loratab	1740
immediately	1741
orange	1742
juice	1743
multivits	1744
anaesthetic	1745
spray	1746
cannot	1747
afford	1748
ill	1749
wearing	1750
starting	1751
doc	1752
snarky	1753
apostrophes	1754
shecallmedjbush	1755
his	1756
response	1757
heart	1758
stuartamorypt	1759
bandaged	1760
ready	1761
challenge	1762
gymfree	1763
feelings	1764
y	1765
kquinlevan	1766
realized	1767
miracles	1768
every	1769
5hrs	1770
sooo	1771
onmydeathbed	1772
seem	1773
asap	1774
cf	1775
bruises	1776
wed	1777
rope	1778
climb	1779
attempts	1780
showed	1781
crossfit	1782
notpretty	1783
log	1784
yet	1785
800plz	1786
bbypriyaa	1787
p	1788
mantra	1789
goddamn	1790
clothes	1791
jenhawkins87	1792
acetominphen	1793
seperately	1794
during	1795
te	1796
heyhuyen	1797
jogging	1798
mediahunter	1799
bogusjimmy	1800
tulliosavio	1801
weirdest	1802
delusional	1803
hopein	1804
motherhood	1805
salon	1806
pas	1807
song	1808
sleepless	1809
threatened	1810
dawnschmelly	1811
hm	1812
tking	1813
officially	1814
irritated	1815
peace	1816
pple	1817
huge	1818
created	1819
genius	1820
600mg	1821
fuuucked	1822
decisions	1823
both	1824
text	1825
buhh	1826
juss	1827
reeeereeeeereeeeeeally	1828
tiamomisty	1829
yo	1830
eyeamcoreys	1831
shoulda	1832
heard	1833
imshaynabro	1834
bumpin	1835
carter	1836
iv	1837
parking	1838
cooleo13	1839
selling	1840
kerigeee	1841
yea	1842
sense	1843
occasion	1844
iblamed	1845
tammy	1846
elevate	1847
weight	1848
ii	1849
dis	1850
hea	1851
thecatcameback	1852
mmmm	1853
sweetkirabella	1854
twice	1855
wildberry	1856
mojitos	1857
wtfaaaaack	1858
886	1859
426	1860
4436	1861
animal	1862
poison	1863
control	1864
center	1865
dopeassslim	1866
goooooood	1867
uhhhhhhhhhhhhhhhh	1868
pillow	1869
chair	1870
ipop	1871
tryna	1872
knocked	1873
flight	1874
ohaiadda	1875
imo	1876
10p	1877
calling	1878
names	1879
inpaims	1880
needsleep	1881
champagne	1882
drugged	1883
r	1884
cali24	1885
indeed	1886
nuisancepains	1887
justice	1888
kickin	1889
shawnriddle	1890
happens	1891
liquor	1892
yourself	1893
bloods	1894
thin	1895
hanging	1896
tough	1897
99	1898
carmeno	1899
forgot	1900
ziploc	1901
bag	1902
car	1903
junkie	1904
cgokcvaq	1905
finna	1906
iambumblebee	1907
anyways	1908
narcotic	1909
kingofstyles24	1910
things	1911
others	1912
missbrandygreen	1913
prop	1914
breathe	1915
stupidanklesprain	1916
boosinusinfection	1917
everything	1918
lifelinkvan	1919
careful	1920
medicines	1921
asa	1922
eb7etw8d	1923
mattshcds	1924
drinks	1925
laying	1926
shoulder	1927
missed	1928
matty	1929
teamnikkitarose	1930
grabs	1931
jilliebean1581	1932
relieves	1933
0	1934
randomthought	1935
martinafan91	1936
ridiculous	1937
fixes	1938
whydoiknowthis	1939
tillamooky	1940
luck	1941
imbibe	1942
xxminakxx	1943
lukerudkowski	1944
ferocity	1945
lower	1946
quickly	1947
stephystripes	1948
pill	1949
qetuwrah	1950
greatttttttttttttttttt	1951
amelia	1952
thegreat	1953
hydros	1954
constantly	1955
vinnie	1956
docs	1957
easier	1958
munching	1959
evilpeamia	1960
ray	1961
statement	1962
kevindavid3	1963
tm	1964
muaha	1965
jamaicanbabyb	1966
messedupknee	1967
dealing	1968
month	1969
zombie	1970
insurance	1971
whatever	1972
sold	1973
lls	1974
suffice	1975
rebeccabridge	1976
cocaine	1977
icyhot	1978
fina	1979
heaven	1980
bff	1981
rach	1982
knowles	1983
ispeakgymnast	1984
forgetting	1985
meet	1986
running	1987
gym	1988
yellingfor	1989
gymnast	1990
wants	1991
reset	1992
juiceeju	1993
itchy	1994
lmmfao	1995
saves	1996
everytimeeeee	1997
ma	1998
lemme	1999
gah	2000
joints	2001
peach	2002
brandy	2003
adjusting	2004
weak	2005
sprinkle	2006
euphoria	2007
angel	2008
algiz	2009
mundane	2010
rehearsals	2011
fully	2012
appreciate	2013
notvomiting	2014
jayamazin	2015
dopest	2016
schedule	2017
currensy	2018
spitta	2019
workout	2020
pineapple	2021
contains	2022
bromelain	2023
proven	2024
combating	2025
doms	2026
requires	2027
rx	2028
normal	2029
hell	2030
ktlb	2031
cups	2032
champs	2033
boyee	2034
goggle	2035
itsarkeedah	2036
multi4orce	2037
euv15wga	2038
chuckiedreyfus	2039
mefanamic	2040
injure	2041
letting	2042
nigga	2043
ck	2044
knocks	2045
veronicaviola	2046
ahaha	2047
harassing	2048
bumped	2049
shore	2050
snappin	2051
fatbellybella	2052
cup	2053
women	2054
twins	2055
positio	2056
ahuwzdo8	2057
chances	2058
cum	2059
video	2060
signs	2061
budtfmkx	2062
doom	2063
currently	2064
resisting	2065
resort	2066
refusetostayin	2067
criminal	2068
minds	2069
cheriemaul	2070
ripliver	2071
braincells	2072
omuemuuu	2073
wen	2074
wake	2075
1200	2076
rubenthepoet	2077
2400	2078
psyche	2079
tweeting	2080
imperatively	2081
squat	2082
otcs0883c2	2083
fas	2084
5jcqxnyq	2085
saving	2086
adriiiannnaa	2087
hella	2088
sucks	2089
pudding	2090
nor	2091
kayleen	2092
stayin	2093
course	2094
wounds	2095
frkn	2096
tylenols	2097
tjudge	2098
randomtweet	2099
favorite	2100
meow	2101
painpainpain	2102
play	2103
wow	2104
responses	2105
unfortunately	2106
gargling	2107
pkollar	2108
squaredice	2109
cat	2110
mt	2111
starbucks	2112
carrying	2113
times	2114
consist	2115
note	2116
bojs5aeo	2117
ecin	2118
amethyst	2119
adrienne	2120
druggd	2121
uterus	2122
laughs	2123
odds	2124
increasing	2125
memoirs	2126
diy	2127
hysterectomy	2128
jmali85	2129
refuse	2130
caiden	2131
iquote	2132
pigg	2133
meup	2134
straight	2135
row	2136
gotten	2137
point	2138
became	2139
lately	2140
necessity	2141
rockin	2142
arthritis	2143
smdh	2144
pronto	2145
waah	2146
wana	2147
amiracleelf	2148
bothered	2149
mind	2150
edward	2151
dlr	2152
stephybearrrr	2153
aceteminophen	2154
addicted	2155
vicaden	2156
enough	2157
5zg3t5os	2158
abigailxchilla	2159
special	2160
mess	2161
doesnt	2162
question	2163
fxz51p0w	2164
agony	2165
abiwilks	2166
due	2167
paracetomol	2168
drop	2169
womanartist	2170
kids	2171
slice	2172
architecture	2173
ing	2174
tired	2175
soaking	2176
zombies	2177
door	2178
manhattan	2179
marksmorpheine	2180
mom	2181
pharmacy	2182
pronounces	2183
wrong	2184
v	2185
erica	2186
nyclatinagrl09	2187
defeatthelow	2188
couldn	2189
lip	2190
swell	2191
downstairs	2192
cubes	2193
notinthemood	2194
concoction	2195
electrolytes	2196
fb	2197
ughhhhhhhhh	2198
rockn	2199
blew	2200
outta	2201
mightdie	2202
fighting	2203
onslaught	2204
manflu	2205
wrapping	2206
sweat	2207
tmw	2208
germs	2209
cool	2210
refill	2211
rid	2212
comeon	2213
yusufpatel69	2214
yusuf	2215
rubbing	2216
remembered	2217
falling	2218
horses	2219
massaging	2220
fanq	2221
partially	2222
firm	2223
klingonaddict	2224
deer	2225
sell	2226
oxy	2227
saw	2228
road	2229
sunday	2230
danbm	2231
paras	2232
addictive	2233
alicia	2234
gunter	2235
weed	2236
catch	2237
second	2238
installment	2239
halloween	2240
americanhorrorstory	2241
tko	2242
eased	2243
excedrine	2244
chasin	2245
fond	2246
catherinelm	2247
coping	2248
eaten	2249
yum	2250
timeline	2251
handling	2252
tips	2253
shoot	2254
coke	2255
med	2256
wise	2257
naffed	2258
bother	2259
dawg	2260
wizhunt	2261
tues	2262
protein	2263
physio	2264
perfect	2265
speedy	2266
recovery	2267
lizzie269	2268
olbas	2269
soak	2270
happiness	2271
healthiness	2272
dishing	2273
bus	2274
drugies	2275
noes	2276
wife	2277
poorly	2278
workshop	2279
praying	2280
iamsweetteamom	2281
miserable	2282
looking	2283
dose	2284
giving	2285
monster	2286
2coldhearted	2287
goooood	2288
lie	2289
issiwissy	2290
smegged	2291
mainly	2292
fuckthatshit	2293
xjointheclubsam	2294
quit	2295
jumpin	2296
trishwise	2297
salvation	2298
army	2299
enemy	2300
increase	2301
sales	2302
furry	2303
hats	2304
mac	2305
milliner	2306
fuckinsmart	2307
ovadose	2308
vallium	2309
tmao	2310
miracle	2311
legache	2312
ton	2313
passing	2314
nerofen	2315
aid	2316
kit	2317
pump	2318
ruthephoenix	2319
published	2320
cpic	2321
nov	2322
term	2323
reduces	2324
hodgkin	2325
lymphoma	2326
volume	2327
providing	2328
comprehensive	2329
critical	2330
basic	2331
science	2332
wzrgzhnb	2333
markpt	2334
ahhh	2335
nsaid	2336
matter	2337
total	2338
seems	2339
cancel	2340
ability	2341
protect	2342
understand	2343
vitamin	2344
hi	2345
regarding	2346
ibobrufen	2347
fla	2348
luphcsyt	2349
psoriasis	2350
fucked	2351
story	2352
lupus	2353
oval	2354
calm	2355
tee	2356
ball	2357
bat	2358
nausea	2359
poor	2360
liver	2361
smoke	2362
marijuana	2363
amandas	2364
iphone	2365
nasty	2366
insomnia	2367
online	2368
oeacj6gf	2369
lovelyakii	2370
barock24	2371
anniedafg	2372
family	2373
agree	2374
fondly	2375
kiddie	2376
seven	2377
obethphoto	2378
trajectory	2379
load	2380
lakamama	2381
rotate	2382
dominicanflower	2383
cranky	2384
whiny	2385
thx4askin	2386
e5dbwy6s	2387
johnuk89	2388
penicillin	2389
sleepin	2390
fwester	2391
morphine	2392
bouldelicious	2393
gum	2394
understatement	2395
andrewbennett66	2396
hammer	2397
wash	2398
struggled	2399
norahsark	2400
slow	2401
release	2402
ordinary	2403
wrk	2404
useless	2405
end	2406
ulcer	2407
oy	2408
table	2409
sylarelle	2410
pharma	2411
industry	2412
build	2413
church	2414
sighs	2415
voice	2416
remedy	2417
sea	2418
bottled	2419
tackled	2420
meal	2421
four	2422
large	2423
octane	2424
healthyliving	2425
cj	2426
snatched	2427
updating	2428
parents	2429
hip	2430
poppin	2431
killers	2432
figure	2433
excedrins	2434
tahhhhh	2435
many	2436
furthurband	2437
oldpersontips	2438
concert	2439
imfdricka	2440
under	2441
virtuosicvend8a	2442
anytime	2443
rawrr	2444
ruby	2445
pance	2446
greyko	2447
answer	2448
specific	2449
heyprissaaay	2450
needa	2451
hospital	2452
googled	2453
apparently	2454
somebudy	2455
diet	2456
fuckah	2457
yooou	2458
tmjd	2459
coleypoleyy	2460
adriana	2461
shes	2462
hairflipswift13	2463
hook	2464
ivs	2465
menengitis	2466
common	2467
eddie	2468
kane	2469
2nfinitintionne	2470
ctfu	2471
dragonbee	2472
pickles	2473
whitepeoplegooglesearches	2474
dealer	2475
jkjk	2476
sha	2477
babi3	2478
krisrenee728	2479
nsaids	2480
including	2481
linked	2482
erectile	2483
dysfunction	2484
feelin	2485
inukeyou	2486
fan	2487
allissmith	2488
feverish	2489
breannaxd	2490
ffuuu	2491
middle	2492
fuuuu	2493
hahah	2494
wondering	2495
loosen	2496
doo	2497
felt	2498
hour	2499
hobbling	2500
wth	2501
precaution	2502
wouldnt	2503
jeanitompkins	2504
humped	2505
asshole	2506
sooooo	2507
hands	2508
toes	2509
mick	2510
kray	2511
eastcoastemily	2512
blown	2513
stash	2514
canker	2515
sores	2516
broke	2517
lovedree	2518
ikr	2519
cherry	2520
liquid	2521
tastes	2522
smashed	2523
assholes	2524
tuesday	2525
reneerackham123	2526
itsmegrizz	2527
lives	2528
classic	2529
bet	2530
dick	2531
wouldn	2532
specialty	2533
used	2534
nyquil	2535
equivalent	2536
ibuprofens	2537
saldana88	2538
hopin2bhappy	2539
wishing	2540
bought	2541
groceries	2542
kayleeoswald	2543
dayy	2544
equate	2545
children	2546
reliever	2547
473xvnh1	2548
couldnt	2549
bill	2550
11	2551
00	2552
crash	2553
warmish	2554
thermometer	2555
disagrees	2556
zzzz	2557
mskitten10	2558
nothin	2559
chillin	2560
crib	2561
combination	2562
les	2563
bri	2564
none	2565
mswritten	2566
steven	2567
johnson	2568
syndrome	2569
rosegrabowski	2570
gemvara	2571
feverbreaking	2572
qtpitootie2006	2573
naw	2574
havent	2575
touched	2576
addition	2577
minute	2578
groans	2579
roaming	2580
various	2581
small	2582
container	2583
walks	2584
goal	2585
hit	2586
000	2587
struggle	2588
concentrate	2589
ashtondoyle	2590
uh	2591
grandmother	2592
emailed	2593
fire	2594
bestfriends	2595
music	2596
icepack	2597
bukzy	2598
bby	2599
yh	2600
stoked	2601
treatments	2602
8oomg	2603
disney	2604
channel	2605
dubssssss	2606
sims	2607
oshane2014	2608
golden	2609
beauty	2610
profin	2611
thelooksyouget	2612
lost	2613
mysteriously	2614
falls	2615
sleeve	2616
deezy	2617
biebskt	2618
pizza	2619
naturalemerald	2620
made	2621
switch	2622
birth	2623
explain	2624
missbianca	2625
diff	2626
brand	2627
aktren	2628
spezial	2629
years	2630
jonessoda	2631
pgnut17	2632
psychoticlust	2633
yours	2634
auntees	2635
loverlover54	2636
acquire	2637
sparkly	2638
clothing	2639
sam	2640
sized	2641
tammygoogoo	2642
crack	2643
ashleyh6ftdiva	2644
glen	2645
coco2193	2646
por	2647
favor	2648
dammit	2649
reeetweet	2650
qakeil	2651
taber	2652
winks	2653
migraines	2654
grrr	2655
soooooreeeeee	2656
asthma	2657
cry	2658
whatsupmegan	2659
fruit	2660
hah	2661
beautytnt	2662
theraflu	2663
zinfadel	2664
keewee	2665
stress	2666
true	2667
almost	2668
hrs	2669
neocitran	2670
canadian	2671
sent	2672
needless	2673
ears	2674
sarahmarijuana	2675
anyway	2676
sarah	2677
focus	2678
lust	2679
neva	2680
lovem	2681
xoxo	2682
ittybitty	2683
preachingthetruth	2684
piss	2685
yhu	2686
pee	2687
theteriharrison	2688
message	2689
jade	2690
elizabeth	2691
peppermint	2692
qualities	2693
hence	2694
useful	2695
drdogs247	2696
woowoof	2697
poisonous	2698
cats	2699
pet	2700
pets	2701
woof	2702
4iluo8it	2703
piercing	2704
dazzledbyrk	2705
doubler26	2706
tag	2707
alternatives	2708
alt	2709
shampoo	2710
hair	2711
blizzard	2712
reposted	2713
9frpihdb	2714
link	2715
exodoaf1	2716
art	2717
thread	2718
groi	2719
a7stqyzu	2720
amoxicillin	2721
sneak	2722
cus	2723
21	2724
cunts	2725
d3brown15	2726
chose	2727
bnc	2728
noooo	2729
heyyitsktg	2730
thaonehoesenvy	2731
sharondv	2732
explode	2733
uuuugh	2734
2x	2735
1x	2736
deathwarmedup	2737
soft	2738
fookin	2739
pipusmar	2740
picked	2741
wrists	2742
main	2743
culprits	2744
iecucusb	2745
stewart	2746
adams	2747
colleagues	2748
nicholson	2749
colin	2750
burrows	2751
british	2752
researchers	2753
inventing	2754
unbearable	2755
scientists	2756
la	2757
kinya	2758
greenwood	2759
andrew	2760
francis	2761
genuinely	2762
desk	2763
predictable	2764
pshh	2765
tacotuesday	2766
vicodens	2767
ye	2768
yee	2769
casey	2770
barnes	2771
antiseptic	2772
tucked	2773
tummy	2774
itssarahsworld	2775
wishes	2776
notoriousevents	2777
masking	2778
sponsor	2779
bearable	2780
dhwinterwolf	2781
grief	2782
stock	2783
abscess	2784
brewing	2785
salty	2786
possibly	2787
result	2788
grumpy	2789
gerrens	2790
10pm	2791
kingmani	2792
worked	2793
omg	2794
jqmtqssl	2795
lawdjesuskhia	2796
da	2797
unkixable	2798
fecked	2799
codeine	2800
supposed	2801
soh	2802
hrdcoar	2803
sallyannjohnson	2804
iznw5s	2805
kay	2806
buddy	2807
tape	2808
handmadebymoira	2809
tillytumtum	2810
humum	2811
ringing	2812
posted	2813
waa	2814
provides	2815
vivthesetter	2816
chasers	2817
sadly	2818
reduced	2819
burning	2820
cue	2821
diz	2822
wizdom	2823
ugghhh	2824
drugz	2825
brookeisarobot	2826
simoncurtis	2827
awww	2828
simon	2829
fight	2830
jump	2831
temped	2832
dunno	2833
prolly	2834
grouchy	2835
facethegreat	2836
bugging	2837
beastmode	2838
throw	2839
emergen	2840
tke	2841
startin	2842
grandpatru51	2843
coach	2844
wills	2845
thinks	2846
evvvverrryyythhhinggg	2847
movie	2848
yesss	2849
apples	2850
inflammatories	2851
topped	2852
tingly	2853
takibg	2854
hangovers	2855
invinceble24	2856
dull	2857
wallywalford	2858
wolls	2859
strongest	2860
missgray	2861
shotgun	2862
reacts	2863
badly	2864
luther	2865
medication	2866
curious	2867
jonnygkid21	2868
itzthekidd101	2869
juiced	2870
adderall	2871
laurbby64	2872
lauren	2873
88keys	2874
j	2875
howard10	2876
dollar	2877
sheeeaattt	2878
crawled	2879
picture	2880
tummyhurwts	2881
kingjay2008	2882
af	2883
kells	2884
fargo	2885
slept	2886
hazy	2887
conclude	2888
effect	2889
wednesday	2890
bethanyblack	2891
chuckinsince88	2892
noight	2893
against	2894
possible	2895
itt	2896
0axx7ego	2897
ivansupertramp2	2898
suffering	2899
fiasco	2900
bangnbish	2901
relieving	2902
likeaboss	2903
pms	2904
putting	2905
thrown	2906
pizzaboymata	2907
ceemamaaa	2908
4800	2909
invincible	2910
pey	2911
peyy	2912
busted	2913
tablet	2914
tub	2915
comfortablynumb	2916
status	2917
questionable	2918
whew	2919
hw	2920
simplyhappi1	2921
udproblems	2922
corynnchristine	2923
mrkharisma	2924
save	2925
skating	2926
mz	2927
buttascotch	2928
wtf	2929
tay	2930
walker	2931
deciding	2932
choosing	2933
druggy	2934
ayokere	2935
runnerproblems	2936
onceamonthtweet	2937
ladyrara	2938
crackers	2939
ryan	2940
phat	2941
fukin	2942
peanut	2943
ahhhh	2944
survive	2945
trust	2946
tongue	2947
piercings	2948
beware	2949
animals	2950
thenicknorris	2951
500mg	2952
rolling	2953
cuzz	2954
twentyseven	2955
eyeclosed	2956
hyperventilate	2957
14	2958
prepare	2959
getti	2960
qhltuqdr	2961
leave	2962
andrew12160	2963
cured	2964
dec	2965
10th	2966
marathontraining	2967
itbs	2968
milliiaaaaan	2969
huh	2970
attack	2971
savanna	2972
leggo	2973
flatthead14	2974
avoid	2975
loud	2976
noises	2977
bright	2978
lights	2979
everyone	2980
low	2981
tolerance	2982
biggest	2983
nerdapuella	2984
themenace	2985
dinner	2986
cabinet	2987
midnight	2988
excess	2989
milkshakes	2990
1st	2991
ages	2992
offended	2993
bowels	2994
trinavegax	2995
peeps	2996
kills	2997
5sshj5	2998
groggy	2999
lightweight	3000
race	3001
mildly	3002
choked	3003
ththurt	3004
brodybower	3005
sry	3006
bless	3007
sexy	3008
bribri	3009
show	3010
skinnycamille	3011
spare	3012
bathroom	3013
refreshing	3014
crush	3015
turn	3016
tv	3017
sniffing	3018
worn	3019
begins	3020
terrible	3021
teamtoothache	3022
codyks	3023
hoss	3024
poured	3025
subluxation	3026
complete	3027
icing	3028
hips	3029
workouts	3030
doctorsorders	3031
lifeofaninjureddancer	3032
yess	3033
kaiwantsthecatt	3034
ash	3035
bmanning47	3036
whack	3037
ayemeggs	3038
shieet	3039
weeek	3040
shorter	3041
inside	3042
allll	3043
hellocarrot	3044
dentists	3045
classes	3046
crayzeedarange	3047
hangova	3048
b12	3049
ignore	3050
lbfendley	3051
email	3052
bridget	3053
newgirl	3054
pseudoeffedrine	3055
towel	3056
across	3057
forehead	3058
jakein	3059
vikes	3060
tinkerbeki	3061
film	3062
sleepy	3063
drift	3064
gazillion	3065
backpain	3066
wahh	3067
headachee	3068
shantel	3069
xtherenegade	3070
super	3071
choke	3072
moirreyhusky	3073
yessss	3074
rely	3075
oing	3076
shove	3077
nitecrawler22	3078
hyrdos	3079
annihilated	3080
mystery	3081
sickness	3082
relaxing	3083
doin	3084
jess	3085
boo	3086
witchu	3087
trynna	3088
leaving	3089
locker	3090
school	3091
studentathleteproblems	3092
thecosby	3093
drunk	3094
lynniekae	3095
laugh	3096
duvel	3097
lays	3098
thickest	3099
quilt	3100
bedspread	3101
crawls	3102
waits	3103
impactedwisdomtooth	3104
ineedtobeonit	3105
facebook	3106
elegantruin	3107
balanced	3108
rags	3109
thefa5tlane	3110
stahscream	3111
hugs	3112
shld	3113
mountie9	3114
picky	3115
olive	3116
oil	3117
pinch	3118
bigbenpreds	3119
baseballprobz	3120
shin	3121
splints	3122
justmyluck	3123
lala	3124
land	3125
bck	3126
throbbing	3127
tight	3128
bantu	3129
knots	3130
normally	3131
naturalhair	3132
truck	3133
nickrevell317	3134
9p9fykmd	3135
heartattack	3136
feelingood	3137
psychological	3138
hmmm	3139
jamiebighouse	3140
urgent	3141
care	3142
kirstineli	3143
kirstin	3144
previous	3145
exacting	3146
helpin	3147
savior	3148
glitterdick	3149
thins	3150
blood	3151
purchase	3152
store	3153
secrets	3154
towels	3155
netty	3156
pot	3157
apsauce	3158
milkshake	3159
deep	3160
maryschless	3161
creeping	3162
amy	3163
610	3164
umm	3165
perscriptions	3166
amarauderthing	3167
along	3168
blackonair	3169
bleh	3170
somehow	3171
keeping	3172
biology	3173
failing	3174
pilled	3175
dads	3176
monabadd87	3177
symptons	3178
getwellsoon	3179
desperate	3180
slurpee	3181
danceproblems	3182
remembering	3183
omelette	3184
tcktk0j	3185
kelvinmartinez	3186
idkk	3187
entire	3188
fuckn	3189
batortuga	3190
dc	3191
monica	3192
weave	3193
chichimarie	3194
jacuzzis	3195
feelgood	3196
drewarellano	3197
histamine	3198
pwede	3199
pa	3200
yan	3201
kl	3202
fair	3203
shifting	3204
riica	3205
acting	3206
kml	3207
mooley	3208
lemonade	3209
oj	3210
cantwalk	3211
killmenow	3212
musclestillpulled	3213
lolz	3214
whoooop	3215
tryadderall	3216
laurenklippel	3217
withdrawal	3218
carrot	3219
cake	3220
justinelewis93	3221
compression	3222
elevation	3223
hatebeinginjured	3224
glee	3225
anne	3226
persists	3227
admitting	3228
justtakeitout	3229
sweats	3230
stabbing	3231
flat	3232
gigmemories	3233
consequently	3234
choking	3235
morrissey	3236
entrance	3237
brace	3238
complaining	3239
uraddictedtosports	3240
cookie	3241
5am	3242
practice	3243
sat	3244
lifesaver	3245
iam	3246
resistance	3247
itz	3248
emilyboone	3249
testament	3250
impossible	3251
tony	3252
shoes	3253
yobooth	3254
skates	3255
r0adsideservice	3256
ifiwerealame	3257
maxneff44	3258
davport71	3259
holy	3260
aids	3261
effin	3262
luvlieaddiction	3263
keibaachelle	3264
0n3	3265
applesauce	3266
tice18	3267
jedye93	3268
danielleyvettee	3269
hundreds	3270
holiday	3271
year	3272
jarnett10	3273
drove	3274
viagra	3275
didnt	3276
suggest	3277
bailed	3278
bike	3279
guitar	3280
muster	3281
courage	3282
danthemangeyer	3283
jennasmoak	3284
sowwwy	3285
leaves	3286
maynnnn	3287
marathon	3288
mk3fp5v2	3289
reddit	3290
mirandabarzey	3291
disregard	3292
grass	3293
leaf	3294
raking	3295
neighbor	3296
moved	3297
street	3298
taste	3299
slinglife	3300
drawer	3301
weren	3302
axx	3303
alilbitofhope	3304
exedrin	3305
near	3306
serioustweet	3307
iseeyulo	3308
0king	3309
congestion	3310
kno	3311
frolick29	3312
phoxxy	3313
angry	3314
zero	3315
types	3316
comfy	3317
calms	3318
thae	3319
wurkn	3320
events	3321
pushing	3322
shades	3323
maddd	3324
teej	3325
litterally	3326
overdosed	3327
pro	3328
oopsy	3329
quantum	3330
sheep	3331
narrows	3332
list	3333
stiff	3334
band	3335
stretching	3336
especially	3337
grandma	3338
arent	3339
healthy	3340
pillpoppinanimal	3341
cadillac	3342
dal	3343
neopeo	3344
finished	3345
codymol	3346
whatwouldkuzado	3347
quora	3348
obeaqhdj	3349
macy0187	3350
kinds	3351
gross	3352
wicked	3353
jenawhalen1	3354
broth	3355
city	3356
fertile	3357
hflawjhd	3358
studying	3359
ihouse	3360
season	3361
housediehardfan	3362
lair	3363
ssntw4w8	3364
lexi	3365
jane	3366
pyrogenius	3367
bite	3368
fuuuck	3369
rhyvennz	3370
usualy	3371
refilled	3372
suffer	3373
fault	3374
thankgodforpainkillers	3375
ehh	3376
powerade	3377
magical	3378
craigsafc94	3379
bouncing	3380
proper	3381
chaos	3382
ahhhhh	3383
purp	3384
anitspasm	3385
beginningtofeellikeamillionbucks	3386
basically	3387
sod	3388
15	3389
inactive	3390
miz	3391
togs	3392
ask	3393
accuses	3394
thatsmymomforyou	3395
belly	3396
guinness	3397
numbed	3398
metatarsal	3399
injury	3400
37m	3401
38s	3402
derekeee	3403
eliesezukelman	3404
1600	3405
case	3406
jennmbc	3407
figuratively	3408
nicoelh	3409
detest	3410
caused	3411
pf1xjr	3412
replied	3413
pulls	3414
reach	3415
hereditary	3416
fckkkk	3417
gon	3418
lucyleddesigns	3419
ribs	3420
uncomfortable	3421
coated	3422
gosh	3423
aggravated	3424
trapped	3425
nerve	3426
base	3427
bookbag	3428
x3mi9snt	3429
ks2	3430
narcotics	3431
ova	3432
tempted	3433
pissed	3434
foodstamps4sale	3435
typing	3436
paper	3437
ive	3438
taklng	3439
l0vey0ufeej	3440
pierced	3441
friday	3442
minng	3443
2013	3444
cakes	3445
lbs	3446
bunch	3447
katiemdezzykta	3448
tyracreates	3449
motherfucking	3450
mack2dafullest	3451
thee	3452
subway	3453
proof	3454
tidying	3455
4hrs	3456
vimto	3457
vaguely	3458
human	3459
piratefilmco	3460
milligrams	3461
percent	3462
giannalosasso	3463
deorderant	3464
ultimate	3465
justsayin	3466
amnai	3467
estherwalker	3468
our	3469
kiddies	3470
downs	3471
xfactor	3472
bringing	3473
geauxsaints	3474
wild	3475
thoughtthnkr	3476
welcoming	3477
arms	3478
randzzy	3479
gravol	3480
electrician	3481
travel	3482
mug	3483
business	3484
birthday	3485
party	3486
macaroni	3487
mashed	3488
potatoes	3489
sneezed	3490
chocked	3491
seriesofunfortunateevents	3492
nkaddict	3493
strange	3494
overlap	3495
doozie	3496
cramping	3497
melii	3498
tooo	3499
close	3500
filce	3501
leekyboy7	3502
wks	3503
settle	3504
hug	3505
dwn	3506
raven	3507
gunna	3508
mackers109	3509
tension	3510
nt	3511
savvymonarch	3512
missinglynxx	3513
pneumonia	3514
strain	3515
wrapped	3516
support	3517
velcroed	3518
cane	3519
fazool	3520
potentially	3521
lethal	3522
shape	3523
daetolove	3524
stretches	3525
tookthree	3526
chased	3527
call911	3528
abouttodie	3529
kicking	3530
shesson	3531
dhdeichmann	3532
spills	3533
kitchen	3534
ziudlcph	3535
henryatticus	3536
glasses	3537
campus	3538
balls	3539
counsellorjack	3540
icandiecupcakes	3541
sharp	3542
fracture	3543
exact	3544
reason	3545
succumbed	3546
leftover	3547
surely	3548
missmandyhale	3549
floating	3550
bottom	3551
spiderbite	3552
snippy	3553
drip	3554
darcialexis	3555
readsteven	3556
jessinader	3557
vitaminb	3558
chariswarrell	3559
jonkeithdiamond	3560
giggles	3561
jon	3562
keith	3563
4elevencutie	3564
department	3565
tennis	3566
elbow	3567
motrin800	3568
dead	3569
jasth1nd	3570
riding	3571
lame	3572
sauce	3573
anybody	3574
massages	3575
mustmanup	3576
cantmoveaninch	3577
tuffarmywife	3578
gargle	3579
popsicles	3580
dairy	3581
sometimes	3582
pregnancy	3583
notcomplainingjustwishing	3584
excruciating	3585
hardly	3586
fibromyalgia	3587
diabetes	3588
finals	3589
kolene	3590
kaffeen	3591
urself	3592
adoll	3593
misfits	3594
lata	3595
imaceleb	3596
2nd	3597
sohungover	3598
bust	3599
chiefs	3600
collegeproblems	3601
b3autynbrains	3602
tyed	3603
msnoeticat	3604
stackee	3605
omeprazol	3606
scene	3607
vinnysaia	3608
mm	3609
pedialyte	3610
sheeeeit	3611
migrainessuck	3612
installing	3613
flooring	3614
stocked	3615
motherfuckin	3616
snickers	3617
icaramelbone	3618
sheaint	3619
sdot	3620
females	3621
xtashamack	3622
eatin	3623
samiches	3624
anamelissaz	3625
lint	3626
bans	3627
pauljonlevy	3628
expired	3629
aiming	3630
devon	3631
denise	3632
indulge	3633
ganja	3634
noahsarc	3635
jumping	3636
broom	3637
pair	3638
unlimited	3639
supply	3640
bertshowbert	3641
dey	3642
10days	3643
gimmefood	3644
ankles	3645
elixirmotrin	3646
ingredientsibuprofen	3647
relievercelebrex	3648
626u3jg5	3649
cinnamon	3650
rolls	3651
ninja	3652
turtle	3653
burger	3654
lmaaaooo	3655
imdespain	3656
clown	3657
monalicious923	3658
bucket	3659
napkin	3660
pow	3661
09sexyma	3662
comin	3663
comic	3664
page	3665
worktrain	3666
skipping	3667
notmessingaround	3668
dallas	3669
fetish	3670
rays	3671
saved	3672
banana	3673
resolved	3674
sermon	3675
mymorning	3676
everett86	3677
mybestfriend	3678
33	3679
bunz	3680
nocheeze	3681
ettrick	3682
bldg	3683
tyenol	3684
alieve	3685
aspron	3686
hang	3687
prof	3688
7c4ookhe	3689
clicked	3690
mingin	3691
therealkel	3692
wack	3693
costenahward	3694
estevangrand	3695
manageable	3696
julianmhall	3697
2hrs	3698
kite	3699
adults	3700
stealing	3701
daughter	3702
helluva	3703
niece	3704
ekwetzel	3705
amberw131	3706
fitfully	3707
30	3708
fitful	3709
thrashing	3710
tabs	3711
diaper	3712
krishaan1st	3713
flu	3714
soul	3715
syhlo	3716
hlobi	3717
hotwater	3718
combated	3719
earache	3720
boss	3721
sassy	3722
kassie	3723
theindigomuse	3724
swine	3725
tics	3726
concern	3727
knowwhereyouare	3728
vanitykillls	3729
dresser	3730
speak	3731
lushwizardbeard	3732
meaning	3733
nberto15	3734
shitload	3735
oreagel	3736
drs	3737
sassymisslala	3738
susan01563	3739
declofenac	3740
theres	3741
fast	3742
father	3743
spoiled	3744
ulcers	3745
affects	3746
aj	3747
thejuiceman	3748
gingerale	3749
kadaclem	3750
weird	3751
cjjc	3752
spent	3753
mouthwash	3754
bonjela	3755
korean	3756
amber	3757
garces	3758
jesusavfc	3759
harry	3760
thinner	3761
lethargic	3762
jaysus	3763
kid	3764
motor	3765
skills	3766
tiny	3767
pen	3768
ack	3769
cayla	3770
mccreazy	3771
bolthouse	3772
farms	3773
smoothie	3774
instant	3775
thankful	3776
doses	3777
thankfulinnovember	3778
bec1980	3779
hydrate	3780
banging	3781
twitterz	3782
pal	3783
struggling	3784
excuses	3785
dandeliongirl01	3786
hub	3787
brought	3788
bowl	3789
minxy	3790
uk	3791
thatisall	3792
cow	3793
msfolagiwa	3794
ir	3795
santos	3796
suggestions	3797
santostheboss	3798
selfinflictedpain	3799
thehangover	3800
aizhamal0611	3801
accept	3802
chance	3803
bleeding	3804
intrnally	3805
dillinrunsalot	3806
rib	3807
juliefromcinci	3808
slowly	3809
neilkbrand	3810
frozen	3811
kamerinlauren	3812
parts	3813
mango	3814
squash	3815
tsp	3816
sugar	3817
tbsp	3818
crushed	3819
diluted	3820
bklynbckstretch	3821
ml	3822
target	3823
ark	3824
puckerpinch	3825
gp	3826
tested	3827
service	3828
consume	3829
sainsbury	3830
lucozade	3831
savouries	3832
jamieson	3833
wave	3834
politely	3835
converse	3836
bacon	3837
invention	3838
kopje	3839
en	3840
een	3841
stukje	3842
chocolademouse	3843
taart	3844
moet	3845
wel	3846
helpen	3847
twang	3848
munches	3849
fistful	3850
golly	3851
sumn	3852
egg	3853
crap	3854
lodged	3855
waaaaa	3856
ohlandmusic	3857
emmylouscutt	3858
baguette	3859
cappuccino	3860
flush	3861
captain	3862
planet	3863
cuddle	3864
jittery	3865
bootleg	3866
roll	3867
risks	3868
asthmatic	3869
sterically	3870
stabilized	3871
liposomes	3872
incorporating	3873
novel	3874
anticancer	3875
agent	3876
phospho	3877
yt04hvhn	3878
101	3879
directed	3880
feelshitty	3881
paracetemols	3882
atephoald	3883
jerks	3884
punched	3885
stumbles	3886
mutters	3887
muttering	3888
ihatethis	3889
skinny	3890
dyzp6hwn	3891
chinese	3892
idranktoomuch	3893
inapudgeofmeown	3894
waste	3895
strapping	3896
brickyard	3897
essex	3898
probs	3899
carpal	3900
tunnel	3901
repetitive	3902
brickyar	3903
vicodinhope	3904
petecamponi	3905
fkd	3906
h2ogirl76	3907
beeclef	3908
yoga	3909
wii	3910
often	3911
berocca	3912
thingspeopleshouldntdo	3913
washing	3914
medicallysound	3915
slices	3916
vaping	3917
parksandrecreation	3918
til	3919
carole409	3920
apply	3921
voltarol	3922
45	3923
fatbloke33	3924
toooooooooo	3925
mrshickeyc	3926
pk	3927
script	3928
gayle	3929
valentine	3930
adduhkazam	3931
aaron	3932
tbd	3933
winner	3934
credit	3935
digestive	3936
tract	3937
knew	3938
jotplysa	3939
binarydad	3940
achey	3941
p852a80u	3942
wanted	3943
expert	3944
bj	3945
nvmbroiu	3946
2nite	3947
naptime	3948
ooohwee	3949
novocaine	3950
wear	3951
chile	3952
jacked	3953
attention	3954
percacet	3955
valium	3956
xan	3957
bars	3958
somas	3959
methadomes	3960
oxcy	3961
cotyn	3962
codone	3963
stuff21	3964
patients	3965
prednisone	3966
bowling	3967
wrist	3968
adoliver06	3969
number	3970
kyle	3971
mace	3972
imagine	3973
opposite	3974
bianca	3975
ann	3976
amitheonlyone	3977
haleyydoan	3978
suspendme	3979
hillman	3980
mathsie	3981
ayoo	3982
sheed	3983
niacin	3984
cranberry	3985
bacc	3986
detox	3987
iankos	3988
seized	3989
relieved	3990
diazepam	3991
woo	3992
comeeat	3993
mytweet	3994
stool	3995
softener	3996
identical	3997
bottles	3998
daaaaag	3999
tweaked	4000
howhigh	4001
packs	4002
kung	4003
katinko	4004
lang	4005
sana	4006
kt	4007
drew14	4008
sgp	4009
soccergrlprobs	4010
tuscholar	4011
follow	4012
instructions	4013
per	4014
jileynyrus	4015
ahahah	4016
poems	4017
lols	4018
rhyme	4019
yearofniley	4020
teacher	4021
retarded	4022
lox	4023
samdoinnumbers	4024
suicidal	4025
thoughts	4026
commercials	4027
lowkeybosskwasi	4028
guy	4029
menstral	4030
dramatic	4031
nighttime	4032
snack	4033
cosmic	4034
brownie	4035
users	4036
reducing	4037
parkinson	4038
disease	4039
according	4040
research	4041
echoes	4042
findings	4043
domonant	4044
inflammation	4045
strep	4046
psa	4047
themoreyouknow	4048
flippin	4049
birds	4050
iowa	4051
linebackers	4052
reality	4053
mbvenfnp	4054
finncognito	4055
snax	4056
livieeeeeeee	4057
surgical	4058
cramp	4059
powered	4060
misery	4061
paiiinnnnn	4062
jeremiah2man	4063
cutest	4064
lexirae	4065
jobourne	4066
herbs	4067
using	4068
oforganic	4069
tumeric	4070
grams	4071
2xday	4072
bieberwinkyface	4073
tweets	4074
pads	4075
smo	4076
7fl5lxy1	4077
sadtweet	4078
eyeballs	4079
fall	4080
keyboard	4081
shineabovethem	4082
gentleman	4083
gas	4084
station	4085
articles	4086
craamps	4087
sloanmd	4088
derek	4089
opinion	4090
hsykes3	4091
ps	4092
dancing	4093
baddecisions	4094
sween	4095
loves	4096
scratchythroat	4097
count	4098
diane	4099
biofreezin	4100
inhaler	4101
playing	4102
9v2	4103
soccer	4104
u8	4105
coaches	4106
wide	4107
iwish	4108
drugstore	4109
become	4110
pm	4111
narcoleptic	4112
waaaay	4113
liana	4114
bonilla	4115
migrant	4116
lovly	4117
mofo	4118
soooo	4119
romanzolanskee	4120
bas	4121
sparkling	4122
cider	4123
smart	4124
bellybutton	4125
rings	4126
32	4127
bows	4128
25	4129
dollars	4130
spilt	4131
loaded	4132
hay	4133
imout	4134
dueces	4135
layin	4136
wives	4137
disclaimer	4138
child	4139
cindy4dawgs	4140
butchworley	4141
thankgod	4142
threw	4143
brick	4144
fancy	4145
aqutiewear12	4146
upon	4147
expected	4148
dearest	4149
darlingest	4150
daveschrank10	4151
mw3	4152
notgood	4153
exactly	4154
mane	4155
subside	4156
button	4157
press	4158
spread	4159
happily	4160
ifonly	4161
becoming	4162
plane	4163
paintballing	4164
regret	4165
somuchfun	4166
sire	4167
smooch	4168
sawry	4169
prett	4170
trainer	4171
shuldnt	4172
settogo	4173
hannahhbethh	4174
uh9wxqm2	4175
dyingg	4176
testing	4177
patience	4178
hilaryx3jmac	4179
moisture	4180
air	4181
temples	4182
qave	4183
biq	4184
therealloueyv	4185
everyday	4186
contraindicated	4187
eggdonor	4188
meager	4189
handful	4190
needanurse	4191
ughhh	4192
adash74	4193
myralierose	4194
patient	4195
asks	4196
draw	4197
nevergonnahappen	4198
ihatemedchem	4199
alexis	4200
morgan3	4201
jello	4202
helpful	4203
atm	4204
allows	4205
goin	4206
lalomelajalo	4207
blankets	4208
amanduhhranae	4209
dwts	4210
upstairs	4211
h50	4212
diva2ude	4213
thnx	4214
dasha	4215
db4d	4216
livsexynj	4217
excused	4218
thetimman	4219
lee	4220
stallone	4221
wateva	4222
suddenly	4223
jumped	4224
escape	4225
tatted	4226
4rmmynek	4227
dubyawife	4228
shins	4229
deckkkkk	4230
marifreeman	4231
epsom	4232
salts	4233
agreed	4234
18	4235
chic	4236
1400	4237
mixedbreedswag	4238
baaaad	4239
cocodemol	4240
soreface	4241
sunshinesusie71	4242
wears	4243
peggyann	4244
design	4245
amandamarrero3	4246
pups	4247
hitting	4248
killenhersoftly	4249
conditioner	4250
slacking	4251
istillgotthegoodmedsstashedtho	4252
drummerharney	4253
feelingbetter	4254
headthrobbing	4255
substitute	4256
beast	4257
knocking	4258
soarneck	4259
forget	4260
mini	4261
van	4262
mzninda	4263
argh	4264
alllll	4265
caps	4266
smoking	4267
niggaz	4268
oswaldxxl	4269
example	4270
economically	4271
complementary	4272
goods	4273
karate	4274
lessons	4275
moment	4276
nomom	4277
expecting	4278
radiologist	4279
knowjr	4280
read	4281
elastic	4282
martinoff	4283
dancingabc	4284
jr	4285
nxt	4286
dances	4287
exchange	4288
bass	4289
kitch	4290
vaginas	4291
whatd	4292
vagina	4293
estefany	4294
kat	4295
hatethis	4296
nah	4297
chicagostyle	4298
burners	4299
cla	4300
merlot	4301
exceeded	4302
young	4303
kmwjimison	4304
crabby	4305
rash	4306
spit	4307
macerate	4308
digits	4309
carmel	4310
frappucino	4311
saviors	4312
hatemonday	4313
bgc	4314
katwhen	4315
tedious	4316
involved	4317
standing	4318
annakathryn47	4319
jusstttt	4320
casee	4321
gottaloveit	4322
plate	4323
precisely	4324
anhourtogo	4325
bustravel	4326
traderjoes	4327
sells	4328
sad	4329
oan	4330
champaign	4331
mirandaetf	4332
kidding	4333
links	4334
berries	4335
vitamind	4336
rdchat	4337
tlxgpyfg	4338
xryleebugs101x	4339
creativemove	4340
papichulo150	4341
freshman	4342
heartbreaks	4343
ca	4344
thumb	4345
kenziehietala15	4346
flyinghigh	4347
adriennewraps	4348
flare	4349
subpar	4350
zinc	4351
regimens	4352
chiropractor	4353
cute	4354
weebeegee	4355
thoroughly	4356
rotten	4357
chelliebxcuseme	4358
thr	4359
cn	4360
luckily	4361
ummm	4362
portal	4363
standby	4364
mackenzie	4365
spiked	4366
103	4367
infant	4368
vm	4369
pediatrician	4370
heavy	4371
duty	4372
hannahkacie512	4373
doesntendwell	4374
shescrazy	4375
11princessangel	4376
44ptxvwr	4377
caved	4378
six	4379
ihatebeingagirlsometimes	4380
babbykins	4381
lucky	4382
hmwk	4383
msraychiebaby	4384
surviving	4385
delicious	4386
francesca	4387
carr	4388
hectorlg	4389
everytime	4390
moneystackkedup	4391
papi	4392
babbykinsthanks	4393
rwtds	4394
reasonswhytodaydoesntsuck	4395
scott	4396
pilgrim	4397
black	4398
cierra	4399
iii	4400
eatitup	4401
tpack1992	4402
omw	4403
geeked	4404
tionnaaa	4405
andrypresh	4406
severe	4407
anaphylactoid	4408
reaction	4409
reported	4410
manifestation	4411
systemic	4412
adolescence	4413
quentingotit	4414
charm	4415
pinguvsmeercats	4416
uniqbruva	4417
33p	4418
minor	4419
shoo	4420
woman	4421
tweetuwoo	4422
library	4423
entertain	4424
scottjfwright	4425
minderelly9	4426
cammy	4427
bruce	4428
breaks	4429
cambo	4430
jamming	4431
thelovaticcrew	4432
brufen	4433
commercial	4434
falconermusic	4435
smell	4436
popcorn	4437
pedokitty	4438
dat	4439
bagel	4440
tinyfrailbones	4441
relapsed	4442
leg	4443
326eric	4444
ouchy	4445
depends	4446
anorexicbeautyx	4447
dm	4448
prob	4449
sarakamilah	4450
tarahhpip	4451
emigreenman	4452
recommend	4453
rare	4454
thingsmoreharmfulthanweed	4455
peanuts	4456
bubblegum	4457
jersey	4458
paperclips	4459
ppl	4460
wayne	4461
rap	4462
banishingedna	4463
abuse	4464
harm	4465
relapse	4466
classresponse	4467
bulging	4468
disc	4469
shooting	4470
butt	4471
w5oojuno	4472
becerra61	4473
ozzman	4474
interfere	4475
totham	4476
backpains	4477
mong	4478
sethmorgan1993	4479
defeats	4480
ybfq70nx	4481
cracked	4482
livinthelife	4483
maximal	4484
disappointment	4485
doubt	4486
rattydarling	4487
eight	4488
almond	4489
snackofchampions	4490
notsosubtle	4491
orders	4492
joking	4493
cheer	4494
hs	4495
zonhhaqe	4496
vivamaliyah	4497
yepp	4498
lacexup	4499
courtxmarie	4500
bitch	4501
smacked	4502
torianddean	4503
pasta	4504
tinydaniela	4505
steady	4506
arnica	4507
piee	4508
numbing	4509
bodaciousb	4510
guise	4511
thelaurenjadee	4512
figured	4513
staring	4514
stereogram	4515
tluvslin	4516
starts	4517
worker	4518
chellyybean	4519
completely	4520
directions	4521
hamstring	4522
baths	4523
christmas	4524
ornament	4525
precum	4526
hsst4upr	4527
upside	4528
hooray	4529
littlelotte95	4530
joj	4531
surprised	4532
building	4533
mood	4534
zillion	4535
deprivation	4536
standard	4537
panther	4538
brainrotting	4539
cobra	4540
markwools	4541
ebeks25	4542
spot	4543
achy	4544
reaches	4545
sarahellen	4546
13	4547
forreal	4548
learn	4549
instantly	4550
thesurfbot	4551
birdswell	4552
maxkiesler	4553
500	4554
sstampcomms	4555
suesmithhypno	4556
soreness	4557
important	4558
development	4559
weakness	4560
considered	4561
dangerous	4562
gilllunn	4563
gentle	4564
e5diferente	4565
obscene	4566
nose	4567
turned	4568
wore	4569
cushion	4570
hapad	4571
69zn0jzq	4572
aubstartaria	4573
6lckbj5i	4574
ryancduff	4575
contain	4576
river	4577
quiet	4578
force	4579
words	4580
scrivener	4581
scrumptious	4582
book	4583
nanowrimo	4584
britishbum	4585
lifting	4586
sdutchargers	4587
rivers	4588
clubs	4589
pierce	4590
fantastic	4591
ct	4592
offers	4593
zcehck9f	4594
ineedanswers	4595
paigegenders1	4596
elliotaws	4597
peterodegbami	4598
chilean	4599
spanish	4600
puerto	4601
rican	4602
alright	4603
jochristinee	4604
ashhhleyy	4605
singleton	4606
blessing	4607
mqniyfzx	4608
cowboy	4609
boots	4610
lingerie	4611
pumps	4612
corn	4613
whos	4614
topacklist	4615
packets	4616
crystal	4617
light	4618
150mg	4619
edge	4620
junky	4621
cleared	4622
finish	4623
chill	4624
brookenbee	4625
ish	4626
earpainqueen	4627
alsopraying	4628
kim	4629
craigmoss71	4630
craigus	4631
painrelief	4632
offset	4633
anyasavage	4634
topical	4635
ex	4636
triathlete	4637
five	4638
28	4639
pages	4640
western	4641
civ	4642
homework	4643
whyme	4644
relieve	4645
heartache	4646
temperature	4647
higher	4648
funfact	4649
zlqgi0bl	4650
pattyspyplanes	4651
absolutely	4652
worthless	4653
1500mg	4654
girlwiddatattoo	4655
thy	4656
sarahsouthern28	4657
settles	4658
booms1405	4659
listen	4660
decent	4661
superdrug	4662
bruv	4663
kaylaely1	4664
mortgage	4665
burned	4666
steam	4667
pushed	4668
ilybucey	4669
health	4670
addict	4671
omfg	4672
courtney	4673
rosek	4674
hunter	4675
dosed	4676
inpain	4677
lab	4678
dysplasia	4679
7yo	4680
weighs	4681
90	4682
dislike	4683
tingling	4684
achiness	4685
isaacbb	4686
seeing	4687
offered	4688
waterbury	4689
holly	4690
dralicejones	4691
ordered	4692
mostly	4693
union	4694
dianasherman	4695
repeat	4696
ivbsog38	4697
mikeelk	4698
thanksgiving	4699
turkey	4700
ttih	4701
bum	4702
princesslorenna	4703
teas	4704
sudafeds	4705
edible	4706
lotion	4707
tin	4708
dentist	4709
epic	4710
beckon	4711
ugghhhh	4712
richbxtchshit	4713
dzmami21	4714
mannnn	4715
niquel	4716
nun	4717
cod	4718
spin	4719
class	4720
frisbee	4721
accompanied	4722
vitamini	4723
slowie	4724
spam	4725
lainasparetime	4726
formula	4727
fastest	4728
nina13	4729
length	4730
noone	4731
emilyembaker	4732
reesejordan	4733
appaaaaarently	4734
zaphodcamden	4735
sainsburys	4736
mollykdaunt	4737
pcski	4738
moguls	4739
groomers	4740
snow	4741
tdmorse	4742
hole	4743
impinged	4744
tendon	4745
bursitis	4746
exercises	4747
mainlining	4748
screenwriting	4749
laters	4750
printing	4751
issue	4752
600s	4753
freeze	4754
moroccan	4755
mint	4756
rugby	4757
resting	4758
lovesarevolver	4759
cyst	4760
typical	4761
dgulbran	4762
variety	4763
keats	4764
waggatron	4765
staying	4766
mother	4767
worms	4768
doped	4769
abouttocutoffmyarmsattheshoulders	4770
haleybrown8	4771
numbers	4772
letters	4773
feeble	4774
booked	4775
extraction	4776
laceyyyy	4777
ihatepublictransportation	4778
mann	4779
motherfuckas	4780
enricatanyanni	4781
ketaprofen	4782
ointment	4783
elbows	4784
treated	4785
gtqonvum	4786
dayanneee	4787
itschinagreen	4788
lindseycakes	4789
telling	4790
idiot	4791
stones	4792
warmup	4793
consumption	4794
looms	4795
racquetball	4796
hockey	4797
madeleineseeger	4798
meant	4799
horoscope	4800
passions	4801
oooo	4802
nudge	4803
analgesic	4804
points	4805
pharmaceutical	4806
industries	4807
252kn3eo	4808
late	4809
ans	4810
daydreaminfool	4811
joe	4812
wonderin	4813
badddd	4814
happymonday	4815
enjoying	4816
abundance	4817
4am	4818
whysojealous	4819
ayomami	4820
shelbyroller10	4821
dumbass	4822
sabasodopee	4823
ending	4824
majorpain	4825
particularly	4826
ahahahahha	4827
triplets	4828
wh	4829
la4jp4mx	4830
verge	4831
allergies	4832
acid	4833
mefenamic	4834
oooopppzpzpzpzpzzpz	4835
anddmurphys	4836
tall	4837
macchiato	4838
grazing	4839
naps	4840
neeeeeeeed	4841
somethingg	4842
jkdesignict	4843
dent	4844
greatest	4845
commonwealth	4846
countries	4847
nonprescription	4848
karen	4849
easy	4850
paycheck	4851
lifeofacollegestudent	4852
xo	4853
each	4854
gramiq	4855
plan9fromman	4856
wx21r3lw	4857
office	4858
semoga	4859
besok	4860
udah	4861
membaik	4862
june	4863
30th	4864
decision	4865
presidential	4866
election	4867
bloggers	4868
journo	4869
busy	4870
lillibiffybee	4871
clears	4872
firstaidtrained	4873
costa	4874
riika	4875
medicated	4876
imjuss	4877
hbig	4878
gonewhen	4879
groan	4880
crawl	4881
latinamarie	4882
label	4883
myyyllee	4884
pps	4885
ground	4886
na	4887
extension	4888
mandaw	4889
satisfactory	4890
gi	4891
fold	4892
nq	4893
ug	4894
lengthwise	4895
maximize	4896
space	4897
apriloj	4898
piece	4899
spacedout	4900
becky	4901
ti	4902
icebluegravy	4903
slot	4904
viggyp44	4905
awwh	4906
losing	4907
collegeathleteproblems	4908
ashish14	4909
hpe	4910
srbaker	4911
simple	4912
motherfuckers	4913
staleface	4914
annabella	4915
kelly	4916
kathleenuselton	4917
fearlessknits	4918
emotion	4919
determination	4920
grapedcrusader	4921
timnekritz	4922
rollerderby	4923
aliupta	4924
checked	4925
infected	4926
clippo	4927
alternating	4928
strawberry	4929
strepsils	4930
stuffy	4931
raise	4932
flupoker	4933
matsatsing	4934
ecc	4935
pleasant	4936
parasl	4937
talents	4938
wasted	4939
drbooth	4940
kieranajp	4941
spelt	4942
german	4943
whosgavinn	4944
boxes	4945
owww	4946
mybackhurts	4947
update	4948
ralph	4949
whispers	4950
nolie	4951
popt	4952
als	4953
skittles	4954
tests	4955
kelseeyxx	4956
virus	4957
smuggled	4958
sofa	4959
shivering	4960
nosleep	4961
hittin	4962
backprobz	4963
notmoving	4964
dependent	4965
katbond	4966
missukulady	4967
tens	4968
machine	4969
owns	4970
wandcore	4971
butterbeerhangover	4972
possom61	4973
sarnie	4974
blog	4975
xbq4qyvz	4976
deaxbzvv	4977
teenage	4978
tiger4t	4979
crossed	4980
drprincess82	4981
popper	4982
twitlessbrandi	4983
okayy	4984
somee	4985
sriv02	4986
charge	4987
consisted	4988
hatebeingsick	4989
alka	4990
seltzer	4991
pounds	4992
notdrinkingeveragain	4993
stoned	4994
clarke	4995
hotbottle	4996
ifell	4997
beautydolly1	4998
highs	4999
inbetween	5000
syringe	5001
nudecyclist	5002
granola	5003
rachelbarkley	5004
fell	5005
stairs	5006
hangoverday2	5007
kateab	5008
tmrw	5009
weds	5010
runningchatter	5011
apwestgarth	5012
stinking	5013
sarcasm	5014
mondayjunkie	5015
nicotine	5016
breakfastofchampions	5017
kylebeckerman	5018
scouting	5019
cd	5020
tack	5021
hero	5022
swaglakecity	5023
dreadsaresick	5024
bsalazar23	5025
faaaacccckkkk	5026
itscrucial	5027
eskimimi	5028
conflagrations	5029
simoncowan	5030
agreeable	5031
elixabethclaire	5032
ryeliizabeth	5033
dononex	5034
visible	5035
1dbzmwx5	5036
asiangrrlmn	5037
block	5038
alleviates	5039
st	5040
syn	5041
random	5042
infections	5043
fuqkin	5044
everythin	5045
bxtches	5046
pulled	5047
thatawkwardmoment	5048
anniebrowning	5049
socks	5050
parentheticalex	5051
congrats	5052
angus	5053
donald	5054
sun	5055
castle	5056
kushxcologne87	5057
spellcheck	5058
hehe	5059
paul	5060
cocker	5061
umbrella	5062
perfume	5063
gloss	5064
cigs	5065
tampax	5066
pens	5067
vaseline	5068
dildo	5069
hannaheakin9	5070
ib	5071
insane	5072
several	5073
tightness	5074
shoulders	5075
upper	5076
hannahs	5077
stick	5078
recommended	5079
iwatchhouse	5080
mornin	5081
dangers	5082
0o9vasec	5083
giggly	5084
amberella19	5085
gabgab	5086
ali991	5087
jordanjones1991	5088
kidney	5089
jjohn10369	5090
physically	5091
emotionally	5092
exhausting	5093
cer	5094
bear	5095
pharmacist	5096
headachefromhell	5097
bobby	5098
zamora	5099
gospel	5100
scandilicious	5101
exercise	5102
responds	5103
sweating	5104
package	5105
conney	5106
temporarily	5107
associated	5108
gnpt4fsc	5109
maddievansciver	5110
hold	5111
tears	5112
catherine	5113
wall	5114
baggie	5115
paracaetamol	5116
authority	5117
stylinggenius	5118
iammoribund	5119
29am	5120
worried	5121
handbag	5122
lasting	5123
whatyoufindinladieshandbags	5124
drekhinstein	5125
mehn	5126
teamyabaleft	5127
nacking	5128
62aom7q5	5129
60mg	5130
dihydrocodiene	5131
pelvic	5132
unwell	5133
appropriate	5134
timing	5135
fruity	5136
frolicks	5137
featuring	5138
multiple	5139
lying	5140
edinbookshop	5141
inventions	5142
booksellersworstnightmare	5143
shaykh	5144
cope	5145
hourly	5146
hardcore	5147
worrying	5148
gnomeicide	5149
cocoa	5150
todo	5151
fena	5152
hydro	5153
cash	5154
betta	5155
outtader	5156
older	5157
vbnepakd	5158
38	5159
pattyb00	5160
share	5161
damage	5162
babbphoto	5163
filling	5164
solve	5165
nicolextaylor	5166
hypochondriac	5167
company	5168
wean	5169
colds	5170
youngest	5171
piriton	5172
pox	5173
cdunnett81	5174
flipping	5175
youknowthedrill	5176
closet	5177
politics	5178
scary	5179
exciting	5180
ows	5181
recallwalker	5182
mscourt1	5183
curi0us	5184
georges	5185
lotabs	5186
dollyrotten	5187
shifted	5188
innit	5189
powers	5190
ubettaknowit	5191
aprilbegins	5192
stretched	5193
ayeceexo	5194
choclgirl	5195
aswel	5196
ineffective	5197
cali	5198
morningrt	5199
jevais	5200
forms	5201
kninjaplease	5202
eh	5203
debate	5204
flatmate	5205
merci	5206
sike	5207
gavintufte10	5208
bagsesh	5209
nahl	5210
krabbypatty	5211
scotch	5212
sayin	5213
sportsguy33	5214
hoops	5215
noob	5216
shane	5217
kelly52	5218
kylewishard	5219
889	5220
melatonin	5221
fiend	5222
percussion	5223
chanting	5224
drive	5225
xmnuhchv	5226
chugging	5227
quantumphysics	5228
power	5229
escaped	5230
jackyfrancisco	5231
hakimi	5232
charliechaplin	5233
rarely	5234
ecstacy	5235
oscarmares75	5236
realize	5237
crook	5238
scream	5239
retweet	5240
enveed	5241
mended	5242
relaxer	5243
brendajos	5244
membrane	5245
concave	5246
recomended	5247
tp	5248
dukes	5249
gunz	5250
steel	5251
smithtonya	5252
dissolves	5253
rosesforrudi	5254
somebody	5255
boxing	5256
training	5257
sonorazuke	5258
awe	5259
accomplished	5260
wrkouts	5261
usual	5262
booze	5263
bullshit	5264
tars	5265
masturbate	5266
andimerluzzo	5267
krgray1	5268
hubby	5269
secret	5270
weapon	5271
bomb	5272
onmyhaunches	5273
missing	5274
classmate	5275
kame	5276
mrjameshancox	5277
x2	5278
paracetamols	5279
goodtimes	5280
wounded	5281
limb	5282
emilyacarlton	5283
amyelewis2	5284
sprite	5285
swt	5286
drms	5287
babes	5288
misskhadiva	5289
medium	5290
icandyrose	5291
thakraken	5292
xxo	5293
candig001	5294
understood	5295
sainsbry	5296
h	5297
thatshitcray	5298
existent	5299
hidden	5300
dipped	5301
expiration	5302
dates	5303
hopeful	5304
meals	5305
iu5yqjhl	5306
800mg	5307
hits	5308
angetankk	5309
scrip	5310
handed	5311
ecstasy	5312
praskillahh	5313
drnickie	5314
somethinggg	5315
beerporn	5316
natural	5317
approach	5318
gargles	5319
3s	5320
codiene	5321
single	5322
gonnakillsomeone	5323
disprin	5324
gargled	5325
restored	5326
enthusiastic	5327
oceana	5328
byetonsillitis	5329
fucyotweets	5330
500m	5331
lifeinretail	5332
zone	5333
killn	5334
tweeted	5335
prewrap	5336
astounding	5337
dontforgeticyhot	5338
happythanksgiving	5339
thephenom	5340
cg	5341
percs	5342
80sbabiesrock	5343
atleast	5344
isupportjanetjackson	5345
p4ram0re	5346
250ml	5347
fr333bird	5348
writing	5349
chriscusiter	5350
supper	5351
sammylee628	5352
talked	5353
tyrnykillr	5354
allie	5355
spotted	5356
cunning	5357
porn	5358
mixture	5359
lined	5360
crosses	5361
sprained	5362
recovering	5363
stem	5364
nicknewman801	5365
gallon	5366
frosting	5367
alice	5368
bday	5369
bekkyblaeford	5370
cavornia	5371
72	5372
ihatebeingill	5373
separate	5374
axe	5375
skull	5376
rug	5377
smelly	5378
within	5379
ring	5380
embarrising	5381
dentaltoptips	5382
appointment	5383
op	5384
anorexicdiaryx	5385
fiona	5386
marketing	5387
attempt	5388
justify	5389
mark	5390
89	5391
c0wf41ya	5392
craigbjones1	5393
xxxx	5394
sillyster	5395
preparation	5396
domination	5397
tonite	5398
fairness	5399
2000	5400
skullairma	5401
snkivkfl	5402
bruising	5403
buzz	5404
cafe	5405
s2gthjcr	5406
wickywickylisa	5407
caf	5408
iloveyouibuprofen	5409
marryme	5410
benedryl	5411
equates	5412
onedad3girls	5413
personally	5414
nominatrix	5415
hotmeggaesauce	5416
jackiex32	5417
puppies	5418
problem	5419
bruised	5420
fractured	5421
curry	5422
satisfaction	5423
35vnzu2p	5424
reducer	5425
david	5426
colquhoun	5427
mellojonny	5428
buljoyqa	5429
nbtsykbt	5430
05	5431
journey	5432
proverb	5433
vasdirsk	5434
billylaceyx	5435
sooory	5436
apologize	5437
sober	5438
christy	5439
predictingahangover	5440
pseudoephedrine	5441
chronic	5442
tonsillitis	5443
causes	5444
tonsi	5445
lukeedwardss	5446
mollystephensxo	5447
blud	5448
archer	5449
nessoldfield	5450
christmastree	5451
charlotteloagn	5452
blackbeltnic	5453
snuggling	5454
celeb	5455
nadles82	5456
cuprofen	5457
nads	5458
outside	5459
therefore	5460
refreshed	5461
kiagainstdworld	5462
shopping	5463
dflbrquo	5464
2vuxzhaz	5465
mufffii	5466
accordingtotiny	5467
owwwwwww	5468
benylin	5469
tomato	5470
lucylyons	5471
alternatively	5472
1ltr	5473
pints	5474
mehhhh	5475
annnd	5476
downing	5477
energetic	5478
crumpled	5479
cba	5480
cassieneil	5481
megggriffin	5482
throughout	5483
kimbled	5484
ghenghis	5485
bedside	5486
tells	5487
saver	5488
crashing	5489
codx	5490
biggsdevondivas	5491
yeaah	5492
calmed	5493
truth	5494
brit710	5495
ashb5690	5496
wax	5497
smokes	5498
000mg	5499
relievers	5500
berry23	5501
mschocolate1908	5502
rfalle	5503
workmode	5504
jonnycotsen	5505
spritchard	5506
antics	5507
pleased	5508
sal	5509
rubicon	5510
appetising	5511
thankfully	5512
roast	5513
whaaaat	5514
function	5515
beechams	5516
ultra	5517
lockets	5518
onemanchemists	5519
arask1	5520
sarabhome	5521
sbo5439	5522
jbrust01	5523
mebethm	5524
riarask	5525
maybeshouldvestoppedatonebottleofwine	5526
rainbowchazer	5527
depressants	5528
falconwhitaker	5529
collect	5530
rabid	5531
gnawing	5532
blah	5533
lovingtherun	5534
bffs	5535
bananalou	5536
warrants	5537
geeee	5538
uber	5539
bored	5540
tgif	5541
ally	5542
reply	5543
oding	5544
oop	5545
nathisbeautiful	5546
ligaments	5547
annnny	5548
warzone	5549
piamgutierrez	5550
moloneydavid	5551
annadin	5552
antibiotic	5553
negative	5554
impact	5555
ayyetybeezymojo	5556
playin	5557
onthereal	5558
autumn	5559
jeans	5560
scattered	5561
everywhere	5562
lookin	5563
druggie	5564
neither	5565
buynothingday	5566
plisandthanciew	5567
scoop	5568
pinched	5569
pansies	5570
earphones	5571
obviously	5572
myyyy	5573
tamracomerford	5574
fifth	5575
donator	5576
crescendoskies	5577
tragic	5578
theirs	5579
blahh	5580
maggswagg	5581
mumma	5582
lash	5583
wegohard	5584
sposed	5585
adc	5586
ze6u1u1x	5587
cycling	5588
dsajkhfksd	5589
laflafster	5590
mummylovesjam	5591
corylus	5592
occur	5593
version	5594
caseygrizwald	5595
anesthesia	5596
vikadin	5597
eff	5598
female	5599
ughhhh	5600
problems	5601
childrens	5602
grape	5603
flavored	5604
oz	5605
warnings	5606
informationibuprofen	5607
oral	5608
suspensi	5609
x1pod2dt	5610
ninadobrev	5611
extractions	5612
counts	5613
preppin	5614
court	5615
ysl	5616
laque	5617
yeahbuddy	5618
ffs	5619
alayabeauty	5620
ihavemostlybeen	5621
nhs	5622
nervous	5623
driving	5624
roundabouts	5625
ejlx4ywk	5626
happening	5627
ppv	5628
dookbaws	5629
yollday	5630
redbull	5631
honeybun	5632
heatherwolf88	5633
usaairman	5634
anbesol	5635
packing	5636
zo	5637
snackies	5638
werk	5639
crazies	5640
ike3	5641
audi	5642
daudi	5643
godddd	5644
describe	5645
yuh	5646
wuldnt	5647
tek	5648
stupse	5649
bodyweight	5650
courthouse	5651
powder	5652
determined	5653
kvhptdxp	5654
ttiybont	5655
gayxman	5656
lwr	5657
midol	5658
eetempleton	5659
adding	5660
desition	5661
puck	5662
mari	5663
estrella	5664
misszindzi	5665
lining	5666
ul	5667
teenager	5668
giggling	5669
hmmmmmmm	5670
ninjas	5671
teens	5672
discountadvice	5673
thankyou	5674
banks224	5675
nutnbuthips	5676
cigarette	5677
seal	5678
melting	5679
sfntkkgi	5680
unmrkddr	5681
northern	5682
likely	5683
jonny	5684
karma	5685
readiness	5686
dust	5687
xp	5688
nuffin	5689
michnowacki	5690
e1jg	5691
lau7	5692
xmas	5693
surface	5694
captaincook03	5695
dehydrated	5696
rich5256	5697
marginally	5698
thiscouldendbadly	5699
southernsirencw	5700
thanku	5701
sugest	5702
sist	5703
suchunie	5704
knobnots	5705
knobit	5706
aspca	5707
rates	5708
poisonings	5709
lurgy	5710
descending	5711
moi	5712
lozenges	5713
successful	5714
tday	5715
belts	5716
leftovers	5717
happyholidays	5718
mayo	5719
thesandwichbar	5720
cannotfeelathing	5721
sending	5722
cavity	5723
lisasabinwilson	5724
rebellious	5725
blister	5726
anarchy	5727
smashthesystem	5728
courtneysavage	5729
yeahh	5730
aish	5731
ad	5732
trade	5733
laid	5734
kevbaz11	5735
migranes	5736
dosnt	5737
bewitchedx67	5738
phil	5739
prayer	5740
hopin	5741
kickn	5742
melanee	5743
soco	5744
fronts	5745
litre	5746
vod	5747
whatyousayyyin	5748
mii	5749
ryte	5750
chaser	5751
owmyhead	5752
champcelluloid	5753
awkward	5754
satan	5755
lolol	5756
urine	5757
sample	5758
completed	5759
guzzled	5760
flowing	5761
veins	5762
underway	5763
cle	5764
washcloth	5765
bandage	5766
certified	5767
safety	5768
manufacturing	5769
certi	5770
prin	5771
125	5772
bx	5773
cs	5774
qsjr27eo	5775
foroomf	5776
ginandcrumpets	5777
staff	5778
pez	5779
missfinnegan	5780
djlisalashes	5781
punkin	5782
breakfastofchamps	5783
combat	5784
general	5785
tiredness	5786
holla	5787
nite	5788
lorinugent1	5789
pour	5790
met	5791
ibeprofen	5792
thesmokerstale	5793
dalewhitnell	5794
desp	5795
caitlin	5796
inbed	5797
watchin	5798
elf	5799
jake	5800
tidy	5801
infants	5802
concentrated	5803
suspension	5804
berry	5805
50mg	5806
mos	5807
rel	5808
m9ylvblw	5809
ubzstpyq	5810
rafflesbizarre	5811
feminax	5812
vickiehun	5813
grind	5814
nibble	5815
gf	5816
liquidiser	5817
mollyb182	5818
cried	5819
faasinyaface	5820
breeezymoney	5821
flockafields12	5822
cheery	5823
nobody	5824
sianysianysiany	5825
braced	5826
rocks	5827
sammich	5828
somewhere	5829
cantcutcarwyn	5830
oi	5831
thingsimallergicto	5832
freaking	5833
blackfriday	5834
philly	5835
vixxen17	5836
suggestion	5837
exams	5838
powering	5839
snaweza	5840
growing	5841
hunni	5842
katylittlelady	5843
darkness	5844
lafitness	5845
virgin	5846
ih1llt95	5847
dropped	5848
bench	5849
supported	5850
productive	5851
walked	5852
funnight	5853
horriblemorning	5854
inneedofsleep	5855
cab	5856
misstutcybaby	5857
jare	5858
marilyn99999	5859
coolio	5860
inflamation	5861
pooped	5862
nk3ijz	5863
1dllb358	5864
zombiechick1	5865
defin	5866
djlevek	5867
1400mg	5868
slowin	5869
avon	5870
lend	5871
tubigrip	5872
missjessicawood	5873
ergh	5874
isnt	5875
sweets	5876
dislocated	5877
rescue	5878
expensive	5879
rahdger	5880
cousin	5881
afraid	5882
tyelenol	5883
keeep	5884
aorund	5885
ligament	5886
twinged	5887
iamcathysabili	5888
yoko	5889
uminom	5890
ng	5891
fundador	5892
missnicastone	5893
mian	5894
corinnelouise	5895
insisted	5896
huff	5897
teappani	5898
pepsi	5899
serve	5900
grapecigarillo	5901
jesslafox	5902
wheat	5903
rebeccanolauk	5904
pocket	5905
poptart	5906
walmart	5907
youdontknowmel	5908
bennyc50	5909
hyva1	5910
jamesh00	5911
20mg	5912
kg	5913
loading	5914
15mg	5915
age	5916
250	5917
zf1mqinc	5918
nopain	5919
place	5920
lewissjenkins	5921
ick	5922
paedssho	5923
tap	5924
info	5925
ade	5926
scfc	5927
glenne	5928
turtles	5929
sudden	5930
fear	5931
prior	5932
forgotten	5933
aprilknob	5934
vengeance	5935
brekkie	5936
mimi	5937
lovelies	5938
cerronex	5939
30am	5940
demand	5941
candies	5942
liqxcoke	5943
ooooh	5944
gluckwitthat	5945
etr8tzne	5946
fortnight	5947
ease	5948
wendypooh	5949
xxxxx	5950
grateful	5951
perfectly	5952
million	5953
fr	5954
strip	5955
luke	5956
facecloth	5957
omgsashaaaa	5958
saddens	5959
tio	5960
mgs	5961
inner	5962
organs	5963
eatyourdemons	5964
fansdlkf	5965
forcing	5966
wildcard	5967
quil	5968
pre	5969
tums	5970
thisblows	5971
sonyci	5972
steve119774	5973
breath	5974
surprise	5975
flowers	5976
cozy	5977
trailer	5978
day10	5979
100daysofgratitude	5980
aaaany	5981
24hr	5982
katyperry	5983
prevention	5984
2am	5985
tak	5986
lyke	5987
30ish	5988
symponeurology	5989
individuals	5990
periods	5991
diagnosed	5992
rate	5993
dehz3hv8	5994
suusinamsterdam	5995
liamlynchphoto	5996
qrmdaresistance	5997
sobering	5998
pray	5999
saviour	6000
pwease	6001
wireless	6002
headphones	6003
affect	6004
slp	6005
fixed	6006
margarita	6007
sis	6008
law	6009
pabst	6010
perscribed	6011
sakaane	6012
empathize	6013
shoppin	6014
fam	6015
beejseee	6016
descent	6017
urrr	6018
pgoggin93	6019
817358357	6020
effff	6021
emilyratcliff	6022
emily	6023
coachkristielv	6024
loyd	6025
hives	6026
facial	6027
jdufbuv0	6028
svvifhng	6029
taboo	6030
foreign	6031
slam	6032
pull	6033
card	6034
hunn	6035
alexisssssm	6036
alnares	6037
calmmmm	6038
itll	6039
basketballseason	6040
chugged	6041
copywriteme	6042
frappe	6043
polycement	6044
snorting	6045
results	6046
jiqcoxbs	6047
dem	6048
enter	6049
bloodstream	6050
shelled	6051
gaaaah	6052
diallo	6053
bl	6054
antibontic	6055
goneeee	6056
desylyn	6057
sassyangel	6058
crinyshaalaza	6059
lynchmobbmrc	6060
vic	6061
waters	6062
minnesotalas	6063
apt	6064
maneuver	6065
gimme	6066
hurt2	6067
juicybadd	6068
aterax	6069
decided	6070
annoyed	6071
ktmurray2	6072
wrap	6073
icy	6074
thesoccerlife	6075
mi	6076
hermano	6077
realchrislofton	6078
changin	6079
profen	6080
blunts	6081
westcoast	6082
49ersfaithful	6083
kielo	6084
preemptivestrike	6085
energy	6086
nature	6087
newkidonthehall	6088
thermaflu	6089
chronically	6090
antiinflammatories	6091
cardiovascular	6092
flexall	6093
jessica	6094
monarch	6095
imthankfulfor	6096
icepacks	6097
ties	6098
guard	6099
di	6100
mikepinkshoes	6101
oof	6102
goodbye	6103
dontforgetic	6104
ruin	6105
acacia	6106
legitimate	6107
spots	6108
moscato	6109
pleeeaassseeee	6110
shudda	6111
codemol	6112
pastilles	6113
gracewadford	6114
runs	6115
gwolfe25	6116
kissmy	6117
tweetsx	6118
coughdrops	6119
shanti	6120
forward	6121
100mg	6122
4oz	6123
redu	6124
kxny8s0k	6125
usuly	6126
devong1	6127
yuk	6128
jbalan	6129
dies	6130
bailiegrossman	6131
lakelandthanksgivingaftermath	6132
mommy	6133
strenght	6134
hopeitworks	6135
byeheadache	6136
dy7764	6137
tradition	6138
allow	6139
firstworldproblems	6140
eventful	6141
areas	6142
uneventful	6143
photo	6144
noooothinggggg	6145
cept	6146
purpose	6147
effb8t1a	6148
mayybe	6149
ayeeekesha	6150
brownskyntrini	6151
drankin	6152
nog	6153
serrapeptase	6154
viable	6155
alternative	6156
steroids	6157
ylgzcz7a	6158
disco	6159
subsided	6160
sangria	6161
ibepuffins	6162
loll	6163
sweetie	6164
2official	6165
donkk	6166
badd	6167
referring	6168
doasages	6169
aunt	6170
weeny	6171
gotheem	6172
everybody	6173
typicallakelandevening	6174
foodcoma	6175
remind	6176
stephdaws	6177
dontdie	6178
fallen	6179
jammed	6180
doggy	6181
discipline	6182
drydamol	6183
yr	6184
bosoms	6185
excederins	6186
chi	6187
workin	6188
noon	6189
wan	6190
remainder	6191
bodys	6192
defffinitly	6193
bonzohammer	6194
theyve	6195
sneakers	6196
tied	6197
satchel	6198
strapped	6199
bringiton	6200
tricking	6201
bowls	6202
thedarrion	6203
15am	6204
medicinal	6205
refinedreverie	6206
wroooooooong	6207
third	6208
fuckheadaches	6209
crownjulez	6210
simplebits	6211
skip	6212
thigh	6213
hearts	6214
nathalie	6215
mf	6216
noodle	6217
beyond	6218
handle	6219
ladies	6220
goood	6221
crazygirlcass	6222
ouchie	6223
hon	6224
def	6225
tossed	6226
pils	6227
deckk	6228
xxtasheaxx	6229
tokdattshitt	6230
dolobangz	6231
milanta	6232
original	6233
flavor	6234
fl	6235
118	6236
nndabkzo	6237
shannnonbean	6238
panicked	6239
tact	6240
3rd	6241
caitlincrosby	6242
advils	6243
included	6244
senior	6245
discounts	6246
decides	6247
hallelieugh	6248
mrsgrumpazoid	6249
titantulus	6250
refusing	6251
purell	6252
poweraide	6253
5ktvamsu	6254
bennmaiden	6255
defending	6256
machete	6257
carried	6258
warrior	6259
backinmummysbedtonight	6260
victoriahevans	6261
seeyalaterpain	6262
dissove	6263
burnt	6264
dontask	6265
kevlarhead	6266
smoothly	6267
stone	6268
roses	6269
screamadelica	6270
pronounce	6271
avoided	6272
dinnae	6273
ken	6274
tae	6275
realised	6276
powerful	6277
scabcastle	6278
composing	6279
puppy	6280
mints	6281
goodtweet	6282
theraful	6283
exploded	6284
canttakeitanylonger	6285
toothbrushes	6286
toothpastes	6287
dish	6288
detergent	6289
96	6290
couponqueen	6291
cheryl666	6292
destroyed	6293
wonky	6294
create	6295
1200mg	6296
hyper	6297
womenshumor	6298
extraestrogen	6299
dustyg013	6300
improving	6301
rough	6302
missguerrero	6303
fomvt7bc	6304
reinvented	6305
regs	6306
peeeeee	6307
carry	6308
wherever	6309
swag	6310
stopped	6311
helloo	6312
chrisworld	6313
mocassins	6314
mud	6315
partytimeyeah	6316
10mins	6317
concerned	6318
uncles	6319
thirds	6320
kevin	6321
roberts21	6322
7am	6323
guaps	6324
benedict	6325
cked	6326
exists	6327
suspensionp	6328
y2ucpiyc	6329
thankfulfor	6330
laura	6331
sav	6332
reluctantly	6333
215	6334
weekends	6335
josespiano	6336
spicy	6337
alll	6338
deannapaul	6339
yahh	6340
getmoneymook	6341
iamairyb	6342
kaymart4	6343
italy	6344
ignores	6345
knowing	6346
hooking	6347
pumpkin	6348
pie	6349
g	6350
killed	6351
oropharynx	6352
nasopharynx	6353
dere	6354
sue	6355
resourceful	6356
vivian	6357
augustwest420	6358
therealkindjim	6359
phans448	6360
rightknee	6361
c6sju3o1	6362
givethanks	6363
melted	6364
jacket	6365
granma	6366
sip	6367
rock	6368
jelly	6369
bandsforland	6370
sends	6371
ideal	6372
funniest	6373
izzybateman	6374
alicelovett	6375
sucking	6376
izzy	6377
bites	6378
rocket	6379
oldschool	6380
newschool	6381
hrca	6382
westside	6383
hood	6384
turkeybowl	6385
hottub	6386
hmmmmm	6387
magnificently	6388
otb84	6389
sprain	6390
blissfulblackvb	6391
drives	6392
suicide	6393
teammatt	6394
tuck	6395
notadruggieeitherpromise	6396
ginger	6397
ale	6398
moemoehicks	6399
thankfull	6400
appetizers	6401
entrees	6402
karenciita13	6403
leenarattman	6404
flapezoid	6405
